6e7,1.0
6e7,0.0
6e7,0.0
6e7,0.0
6e7,0.0
6e7,0.0
6e7,0.0
6e7,0.0
6e7,0.0
6e7,0.0
6e7,0.0
6e7,0.0
6e7,0.0
6e7,0.0
6e7,0.0
6e7,0.0
6e7,0.0
6e7,0.0
6e7,0.0
6e7,0.0
6e7,0.0
6e7,0.0
6e7,0.0
6e7,0.0
6e7,0.0
6e7,0.0
6e7,0.0
6e7,0.0
6e7,0.0
6e7,0.0
6e7,0.0
6e7,0.0
6e7,0.0
6e7,0.0
6e7,0.0
6e7,0.0
6e7,0.0
6e7,0.0
6e7,0.0
6e7,0.0
6e7,0.0
6e7,0.0
6e7,0.0
6e7,0.0
6e7,0.0
6e7,0.0
6e7,0.0
6e7,0.0
6e7,0.0
6e7,0.0
6e7,0.0
6e7,0.0
6e7,0.0
6e7,0.0
6e7,0.0
6e7,0.0
6e7,0.0
6e7,0.0
6e7,0.0
6e7,0.0
6e7,0.0
6e7,0.0
6e7,0.0
6e7,0.0
6e7,0.0
6e7,0.0
6e7,0.0
6e7,0.0
6e7,0.0
6e7,0.0
6e7,0.0
6e7,0.0
6e7,0.0
6e7,0.0
6e7,0.0
6e7,0.0
6e7,0.0
6e7,0.0
6e7,0.0
6e7,0.0
6e7,0.0
6e7,0.0
6e7,0.0
6e7,0.0
6e7,0.0
6e7,0.0
6e7,0.0
6e7,0.0
6e7,0.0
6e7,0.0
6e7,0.0
6e7,0.0
6e7,0.0
6e7,0.0
6e7,0.0
6e7,0.0
6e7,0.0
6e7,0.0
6e7,0.0
6e7,0.0
6e7,0.0
6e7,1.0
6e7,0.0
6e7,0.0
6e7,0.0
6e7,0.0
6e7,0.0
6e7,0.0
6e7,0.0
6e7,0.0
6e7,0.0
601e5,1.0
601e5,0.0
601e5,0.0
601e5,0.0
601e5,0.0
601e5,0.0
601e5,0.0
601e5,0.0
601e5,0.0
601e5,0.0
602e5,1.0
602e5,0.0
602e5,0.0
602e5,0.0
602e5,0.0
602e5,0.0
602e5,0.0
602e5,0.0
602e5,0.0
602e5,0.0
603e5,1.0
603e5,0.0
603e5,0.0
603e5,0.0
603e5,0.0
603e5,0.0
603e5,0.0
603e5,0.0
603e5,0.0
603e5,0.0
604e5,1.0
604e5,0.0
604e5,0.0
604e5,0.0
604e5,0.0
604e5,0.0
604e5,0.0
604e5,0.0
604e5,0.0
604e5,0.0
605e5,1.0
605e5,0.0
605e5,0.0
605e5,0.0
605e5,0.0
605e5,0.0
605e5,0.0
605e5,0.0
605e5,0.0
605e5,0.0
606e5,1.0
606e5,0.0
606e5,0.0
606e5,0.0
606e5,0.0
606e5,0.0
606e5,0.0
606e5,0.0
606e5,0.0
606e5,0.0
607e5,1.0
607e5,0.0
607e5,0.0
607e5,0.0
607e5,0.0
607e5,0.0
607e5,0.0
607e5,0.0
607e5,0.0
607e5,0.0
608e5,1.0
608e5,0.0
608e5,0.0
608e5,0.0
608e5,0.0
608e5,0.0
608e5,0.0
608e5,0.0
608e5,0.0
608e5,0.0
609e5,1.0
609e5,0.0
609e5,0.0
609e5,0.0
609e5,0.0
609e5,0.0
609e5,0.0
609e5,0.0
609e5,0.0
609e5,0.0
61e6,1.0
61e6,0.0
61e6,0.0
61e6,0.0
61e6,0.0
61e6,0.0
61e6,0.0
61e6,0.0
61e6,0.0
61e6,0.0
611e5,1.0
611e5,0.0
611e5,0.0
611e5,0.0
611e5,0.0
611e5,0.0
611e5,0.0
611e5,0.0
611e5,0.0
611e5,0.0
612e5,1.0
612e5,0.0
612e5,0.0
612e5,0.0
612e5,0.0
612e5,0.0
612e5,0.0
612e5,0.0
612e5,0.0
612e5,0.0
613e5,1.0
613e5,0.0
613e5,0.0
613e5,0.0
613e5,0.0
613e5,0.0
613e5,0.0
613e5,0.0
613e5,0.0
613e5,0.0
614e5,1.0
614e5,0.0
614e5,0.0
614e5,0.0
614e5,0.0
614e5,0.0
614e5,0.0
614e5,0.0
614e5,0.0
614e5,0.0
615e5,1.0
615e5,0.0
615e5,0.0
615e5,0.0
615e5,0.0
615e5,0.0
615e5,0.0
615e5,0.0
615e5,0.0
615e5,0.0
616e5,1.0
616e5,0.0
616e5,0.0
616e5,0.0
616e5,0.0
616e5,0.0
616e5,0.0
616e5,0.0
616e5,0.0
616e5,0.0
617e5,1.0
617e5,0.0
617e5,0.0
617e5,0.0
617e5,0.0
617e5,0.0
617e5,0.0
617e5,0.0
617e5,0.0
617e5,0.0
618e5,1.0
618e5,0.0
618e5,0.0
618e5,0.0
618e5,0.0
618e5,0.0
618e5,0.0
618e5,0.0
618e5,0.0
618e5,0.0
619e5,1.0
619e5,0.0
619e5,0.0
619e5,0.0
619e5,0.0
619e5,0.0
619e5,0.0
619e5,0.0
619e5,0.0
619e5,0.0
62e6,1.0
62e6,0.0
62e6,0.0
62e6,0.0
62e6,0.0
62e6,0.0
62e6,0.0
62e6,0.0
62e6,0.0
62e6,0.0
621e5,1.0
621e5,0.0
621e5,0.0
621e5,0.0
621e5,0.0
621e5,0.0
621e5,0.0
621e5,0.0
621e5,0.0
621e5,0.0
622e5,1.0
622e5,0.0
622e5,0.0
622e5,0.0
622e5,0.0
622e5,0.0
622e5,0.0
622e5,0.0
622e5,0.0
622e5,0.0
623e5,1.0
623e5,0.0
623e5,0.0
623e5,0.0
623e5,0.0
623e5,0.0
623e5,0.0
623e5,0.0
623e5,0.0
623e5,0.0
624e5,1.0
624e5,0.0
624e5,0.0
624e5,0.0
624e5,0.0
624e5,0.0
624e5,0.0
624e5,0.0
624e5,0.0
624e5,0.0
625e5,1.0
625e5,0.0
625e5,0.0
625e5,0.0
625e5,0.0
625e5,0.0
625e5,0.0
625e5,0.0
625e5,0.0
625e5,0.0
626e5,1.0
626e5,0.0
626e5,0.0
626e5,0.0
626e5,0.0
626e5,0.0
626e5,0.0
626e5,0.0
626e5,0.0
626e5,0.0
627e5,1.0
627e5,0.0
627e5,0.0
627e5,0.0
627e5,0.0
627e5,0.0
627e5,0.0
627e5,0.0
627e5,0.0
627e5,0.0
628e5,1.0
628e5,0.0
628e5,0.0
628e5,0.0
628e5,0.0
628e5,0.0
628e5,0.0
628e5,0.0
628e5,0.0
628e5,0.0
629e5,1.0
629e5,0.0
629e5,0.0
629e5,0.0
629e5,0.0
629e5,0.0
629e5,0.0
629e5,0.0
629e5,0.0
629e5,0.0
63e6,1.0
63e6,0.0
63e6,0.0
63e6,0.0
63e6,0.0
63e6,0.0
63e6,0.0
63e6,0.0
63e6,0.0
63e6,0.0
631e5,1.0
631e5,0.0
631e5,0.0
631e5,0.0
631e5,0.0
631e5,0.0
631e5,0.0
631e5,0.0
631e5,0.0
631e5,0.0
632e5,1.0
632e5,0.0
632e5,0.0
632e5,0.0
632e5,0.0
632e5,0.0
632e5,0.0
632e5,0.0
632e5,0.0
632e5,0.0
633e5,1.0
633e5,0.0
633e5,0.0
633e5,0.0
633e5,0.0
633e5,0.0
633e5,0.0
633e5,0.0
633e5,0.0
633e5,0.0
634e5,1.0
634e5,0.0
634e5,0.0
634e5,0.0
634e5,0.0
634e5,0.0
634e5,0.0
634e5,0.0
634e5,0.0
634e5,0.0
635e5,1.0
635e5,0.0
635e5,0.0
635e5,0.0
635e5,0.0
635e5,0.0
635e5,0.0
635e5,0.0
635e5,0.0
635e5,0.0
636e5,1.0
636e5,0.0
636e5,0.0
636e5,0.0
636e5,0.0
636e5,0.0
636e5,0.0
636e5,0.0
636e5,0.0
636e5,0.0
637e5,1.0
637e5,0.0
637e5,0.0
637e5,0.0
637e5,0.0
637e5,0.0
637e5,0.0
637e5,0.0
637e5,0.0
637e5,0.0
638e5,1.0
638e5,0.0
638e5,0.0
638e5,0.0
638e5,0.0
638e5,0.0
638e5,0.0
638e5,0.0
638e5,0.0
638e5,0.0
639e5,1.0
639e5,0.0
639e5,0.0
639e5,0.0
639e5,0.0
639e5,0.0
639e5,0.0
639e5,0.0
639e5,0.0
639e5,0.0
64e6,1.0
64e6,0.0
64e6,0.0
64e6,0.0
64e6,0.0
64e6,0.0
64e6,0.0
64e6,0.0
64e6,0.0
64e6,0.0
641e5,1.0
641e5,0.0
641e5,0.0
641e5,0.0
641e5,0.0
641e5,0.0
641e5,0.0
641e5,0.0
641e5,0.0
641e5,0.0
642e5,1.0
642e5,0.0
642e5,0.0
642e5,0.0
642e5,0.0
642e5,0.0
642e5,0.0
642e5,0.0
642e5,0.0
642e5,0.0
643e5,1.0
643e5,0.0
643e5,0.0
643e5,0.0
643e5,0.0
643e5,0.0
643e5,0.0
643e5,0.0
643e5,0.0
643e5,0.0
644e5,1.0
644e5,0.0
644e5,0.0
644e5,0.0
644e5,0.0
644e5,0.0
644e5,0.0
644e5,0.0
644e5,0.0
644e5,0.0
645e5,1.0
645e5,0.0
645e5,0.0
645e5,0.0
645e5,0.0
645e5,0.0
645e5,0.0
645e5,0.0
645e5,0.0
645e5,0.0
646e5,1.0
646e5,0.0
646e5,0.0
646e5,0.0
646e5,0.0
646e5,0.0
646e5,0.0
646e5,0.0
646e5,0.0
646e5,0.0
647e5,1.0
647e5,0.0
647e5,0.0
647e5,0.0
647e5,0.0
647e5,0.0
647e5,0.0
647e5,0.0
647e5,0.0
647e5,0.0
648e5,1.0
648e5,0.0
648e5,0.0
648e5,0.0
648e5,0.0
648e5,0.0
648e5,0.0
648e5,0.0
648e5,0.0
648e5,0.0
649e5,1.0
649e5,0.0
649e5,0.0
649e5,0.0
649e5,0.0
649e5,0.0
649e5,0.0
649e5,0.0
649e5,0.0
649e5,0.0
65e6,1.0
65e6,0.0
65e6,0.0
65e6,0.0
65e6,0.0
65e6,0.0
65e6,0.0
65e6,0.0
65e6,0.0
65e6,0.0
651e5,1.0
651e5,0.0
651e5,0.0
651e5,0.0
651e5,0.0
651e5,0.0
651e5,0.0
651e5,0.0
651e5,0.0
651e5,0.0
652e5,1.0
652e5,0.0
652e5,0.0
652e5,0.0
652e5,0.0
652e5,0.0
652e5,0.0
652e5,0.0
652e5,0.0
652e5,0.0
653e5,1.0
653e5,0.0
653e5,0.0
653e5,0.0
653e5,0.0
653e5,0.0
653e5,0.0
653e5,0.0
653e5,0.0
653e5,0.0
654e5,1.0
654e5,0.0
654e5,0.0
654e5,0.0
654e5,0.0
654e5,0.0
654e5,0.0
654e5,0.0
654e5,0.0
654e5,0.0
655e5,1.0
655e5,0.0
655e5,0.0
655e5,0.0
655e5,0.0
655e5,0.0
655e5,0.0
655e5,0.0
655e5,0.0
655e5,0.0
656e5,1.0
656e5,0.0
656e5,0.0
656e5,0.0
656e5,0.0
656e5,0.0
656e5,0.0
656e5,0.0
656e5,0.0
656e5,0.0
657e5,1.0
657e5,0.0
657e5,0.0
657e5,0.0
657e5,0.0
657e5,0.0
657e5,0.0
657e5,0.0
657e5,0.0
657e5,0.0
658e5,1.0
658e5,0.0
658e5,0.0
658e5,0.0
658e5,0.0
658e5,0.0
658e5,0.0
658e5,0.0
658e5,0.0
658e5,0.0
659e5,1.0
659e5,0.0
659e5,0.0
659e5,0.0
659e5,0.0
659e5,0.0
659e5,0.0
659e5,0.0
659e5,0.0
659e5,0.0
66e6,1.0
66e6,0.0
66e6,0.0
66e6,0.0
66e6,0.0
66e6,0.0
66e6,0.0
66e6,0.0
66e6,0.0
66e6,0.0
661e5,1.0
661e5,0.0
661e5,0.0
661e5,0.0
661e5,0.0
661e5,0.0
661e5,0.0
661e5,0.0
661e5,0.0
661e5,0.0
662e5,1.0
662e5,0.0
662e5,0.0
662e5,0.0
662e5,0.0
662e5,0.0
662e5,0.0
662e5,0.0
662e5,0.0
662e5,0.0
663e5,1.0
663e5,0.0
663e5,0.0
663e5,0.0
663e5,0.0
663e5,0.0
663e5,0.0
663e5,0.0
663e5,0.0
663e5,0.0
664e5,1.0
664e5,0.0
664e5,0.0
664e5,0.0
664e5,0.0
664e5,0.0
664e5,0.0
664e5,0.0
664e5,0.0
664e5,0.0
665e5,1.0
665e5,0.0
665e5,0.0
665e5,0.0
665e5,0.0
665e5,0.0
665e5,0.0
665e5,0.0
665e5,0.0
665e5,0.0
666e5,1.0
666e5,0.0
666e5,0.0
666e5,0.0
666e5,0.0
666e5,0.0
666e5,0.0
666e5,0.0
666e5,0.0
666e5,0.0
667e5,1.0
667e5,0.0
667e5,0.0
667e5,0.0
667e5,0.0
667e5,0.0
667e5,0.0
667e5,0.0
667e5,0.0
667e5,0.0
668e5,1.0
668e5,0.0
668e5,0.0
668e5,0.0
668e5,0.0
668e5,0.0
668e5,0.0
668e5,0.0
668e5,0.0
668e5,0.0
669e5,1.0
669e5,0.0
669e5,0.0
669e5,0.0
669e5,0.0
669e5,0.0
669e5,0.0
669e5,0.0
669e5,0.0
669e5,0.0
67e6,1.0
67e6,0.0
67e6,0.0
67e6,0.0
67e6,0.0
67e6,0.0
67e6,0.0
67e6,0.0
67e6,0.0
67e6,0.0
671e5,1.0
671e5,0.0
671e5,0.0
671e5,0.0
671e5,0.0
671e5,0.0
671e5,0.0
671e5,0.0
671e5,0.0
671e5,0.0
672e5,1.0
672e5,0.0
672e5,0.0
672e5,0.0
672e5,0.0
672e5,0.0
672e5,0.0
672e5,0.0
672e5,0.0
672e5,0.0
673e5,1.0
673e5,0.0
673e5,0.0
673e5,0.0
673e5,0.0
673e5,0.0
673e5,0.0
673e5,0.0
673e5,0.0
673e5,0.0
674e5,1.0
674e5,0.0
674e5,0.0
674e5,0.0
674e5,0.0
674e5,0.0
674e5,0.0
674e5,0.0
674e5,0.0
674e5,0.0
675e5,1.0
675e5,0.0
675e5,0.0
675e5,0.0
675e5,0.0
675e5,0.0
675e5,0.0
675e5,0.0
675e5,0.0
675e5,0.0
676e5,1.0
676e5,0.0
676e5,0.0
676e5,0.0
676e5,0.0
676e5,0.0
676e5,0.0
676e5,0.0
676e5,0.0
676e5,0.0
677e5,1.0
677e5,0.0
677e5,0.0
677e5,0.0
677e5,0.0
677e5,0.0
677e5,0.0
677e5,0.0
677e5,0.0
677e5,0.0
678e5,1.0
678e5,0.0
678e5,0.0
678e5,0.0
678e5,0.0
678e5,0.0
678e5,0.0
678e5,0.0
678e5,0.0
678e5,0.0
679e5,1.0
679e5,0.0
679e5,0.0
679e5,0.0
679e5,0.0
679e5,0.0
679e5,0.0
679e5,0.0
679e5,0.0
679e5,0.0
68e6,1.0
68e6,0.0
68e6,0.0
68e6,0.0
68e6,0.0
68e6,0.0
68e6,0.0
68e6,0.0
68e6,0.0
68e6,0.0
681e5,1.0
681e5,0.0
681e5,0.0
681e5,0.0
681e5,0.0
681e5,0.0
681e5,0.0
681e5,0.0
681e5,0.0
681e5,0.0
682e5,1.0
682e5,0.0
682e5,0.0
682e5,0.0
682e5,0.0
682e5,0.0
682e5,0.0
682e5,0.0
682e5,0.0
682e5,0.0
683e5,1.0
683e5,0.0
683e5,0.0
683e5,0.0
683e5,0.0
683e5,0.0
683e5,0.0
683e5,0.0
683e5,0.0
683e5,0.0
684e5,1.0
684e5,0.0
684e5,0.0
684e5,0.0
684e5,0.0
684e5,0.0
684e5,0.0
684e5,0.0
684e5,0.0
684e5,0.0
685e5,1.0
685e5,0.0
685e5,0.0
685e5,0.0
685e5,0.0
685e5,0.0
685e5,0.0
685e5,0.0
685e5,0.0
685e5,0.0
686e5,1.0
686e5,0.0
686e5,0.0
686e5,0.0
686e5,0.0
686e5,0.0
686e5,0.0
686e5,0.0
686e5,0.0
686e5,0.0
687e5,1.0
687e5,0.0
687e5,0.0
687e5,0.0
687e5,0.0
687e5,0.0
687e5,0.0
687e5,0.0
687e5,0.0
687e5,0.0
688e5,1.0
688e5,0.0
688e5,0.0
688e5,0.0
688e5,0.0
688e5,0.0
688e5,0.0
688e5,0.0
688e5,0.0
688e5,0.0
689e5,1.0
689e5,0.0
689e5,0.0
689e5,0.0
689e5,0.0
689e5,0.0
689e5,0.0
689e5,0.0
689e5,0.0
689e5,0.0
69e6,1.0
69e6,0.0
69e6,0.0
69e6,0.0
69e6,0.0
69e6,0.0
69e6,0.0
69e6,0.0
69e6,0.0
69e6,0.0
691e5,1.0
691e5,0.0
691e5,0.0
691e5,0.0
691e5,0.0
691e5,0.0
691e5,0.0
691e5,0.0
691e5,0.0
691e5,0.0
692e5,1.0
692e5,0.0
692e5,0.0
692e5,0.0
692e5,0.0
692e5,0.0
692e5,0.0
692e5,0.0
692e5,0.0
692e5,0.0
693e5,1.0
693e5,0.0
693e5,0.0
693e5,0.0
693e5,0.0
693e5,0.0
693e5,0.0
693e5,0.0
693e5,0.0
693e5,0.0
694e5,1.0
694e5,0.0
694e5,0.0
694e5,0.0
694e5,0.0
694e5,0.0
694e5,0.0
694e5,0.0
694e5,0.0
694e5,0.0
695e5,1.0
695e5,0.0
695e5,0.0
695e5,0.0
695e5,0.0
695e5,0.0
695e5,0.0
695e5,0.0
695e5,0.0
695e5,0.0
696e5,1.0
696e5,0.0
696e5,0.0
696e5,0.0
696e5,0.0
696e5,0.0
696e5,0.0
696e5,0.0
696e5,0.0
696e5,0.0
697e5,1.0
697e5,0.0
697e5,0.0
697e5,0.0
697e5,0.0
697e5,0.0
697e5,0.0
697e5,0.0
697e5,0.0
697e5,0.0
698e5,1.0
698e5,0.0
698e5,0.0
698e5,0.0
698e5,0.0
698e5,0.0
698e5,0.0
698e5,0.0
698e5,0.0
698e5,0.0
699e5,1.0
699e5,0.0
699e5,0.0
699e5,0.0
699e5,0.0
699e5,0.0
699e5,0.0
699e5,0.0
699e5,0.0
699e5,0.0
7e7,1.0
7e7,0.0
7e7,0.0
7e7,0.0
7e7,0.0
7e7,0.0
7e7,0.0
7e7,0.0
7e7,0.0
7e7,0.0
701e5,1.0
701e5,0.0
701e5,0.0
701e5,0.0
701e5,0.0
701e5,0.0
701e5,0.0
701e5,0.0
701e5,0.0
701e5,0.0
702e5,1.0
702e5,0.0
702e5,0.0
702e5,0.0
702e5,0.0
702e5,0.0
702e5,0.0
702e5,0.0
702e5,0.0
702e5,0.0
703e5,1.0
703e5,0.0
703e5,0.0
703e5,0.0
703e5,0.0
703e5,0.0
703e5,0.0
703e5,0.0
703e5,0.0
703e5,0.0
704e5,1.0
704e5,0.0
704e5,0.0
704e5,0.0
704e5,0.0
704e5,0.0
704e5,0.0
704e5,0.0
704e5,0.0
704e5,0.0
705e5,1.0
705e5,0.0
705e5,0.0
705e5,0.0
705e5,0.0
705e5,0.0
705e5,0.0
705e5,0.0
705e5,0.0
705e5,0.0
706e5,1.0
706e5,0.0
706e5,0.0
706e5,0.0
706e5,0.0
706e5,0.0
706e5,0.0
706e5,0.0
706e5,0.0
706e5,0.0
707e5,1.0
707e5,0.0
707e5,0.0
707e5,0.0
707e5,0.0
707e5,0.0
707e5,0.0
707e5,0.0
707e5,0.0
707e5,0.0
708e5,1.0
708e5,0.0
708e5,0.0
708e5,0.0
708e5,0.0
708e5,0.0
708e5,0.0
708e5,0.0
708e5,0.0
708e5,0.0
709e5,1.0
709e5,0.0
709e5,0.0
709e5,0.0
709e5,0.0
709e5,0.0
709e5,0.0
709e5,0.0
709e5,0.0
709e5,0.0
71e6,1.0
71e6,0.0
71e6,0.0
71e6,0.0
71e6,0.0
71e6,0.0
71e6,0.0
71e6,0.0
71e6,0.0
71e6,0.0
711e5,1.0
711e5,0.0
711e5,0.0
711e5,0.0
711e5,0.0
711e5,0.0
711e5,0.0
711e5,0.0
711e5,0.0
711e5,0.0
712e5,1.0
712e5,0.0
712e5,0.0
712e5,0.0
712e5,0.0
712e5,0.0
712e5,0.0
712e5,0.0
712e5,0.0
712e5,0.0
713e5,1.0
713e5,0.0
713e5,0.0
713e5,0.0
713e5,0.0
713e5,0.0
713e5,0.0
713e5,0.0
713e5,0.0
713e5,0.0
714e5,1.0
714e5,0.0
714e5,0.0
714e5,0.0
714e5,0.0
714e5,0.0
714e5,0.0
714e5,0.0
714e5,0.0
714e5,0.0
715e5,1.0
715e5,0.0
715e5,0.0
715e5,0.0
715e5,0.0
715e5,0.0
715e5,0.0
715e5,0.0
715e5,0.0
715e5,0.0
716e5,1.0
716e5,0.0
716e5,0.0
716e5,0.0
716e5,0.0
716e5,0.0
716e5,0.0
716e5,0.0
716e5,0.0
716e5,0.0
717e5,1.0
717e5,0.0
717e5,0.0
717e5,0.0
717e5,0.0
717e5,0.0
717e5,0.0
717e5,0.0
717e5,0.0
717e5,0.0
718e5,1.0
718e5,0.0
718e5,0.0
718e5,0.0
718e5,0.0
718e5,0.0
718e5,0.0
718e5,0.0
718e5,0.0
718e5,0.0
719e5,1.0
719e5,0.0
719e5,0.0
719e5,0.0
719e5,0.0
719e5,0.0
719e5,0.0
719e5,0.0
719e5,0.0
719e5,0.0
72e6,1.0
72e6,0.0
72e6,0.0
72e6,0.0
72e6,0.0
72e6,0.0
72e6,0.0
72e6,0.0
72e6,0.0
72e6,0.0
721e5,1.0
721e5,0.0
721e5,0.0
721e5,0.0
721e5,0.0
721e5,0.0
721e5,0.0
721e5,0.0
721e5,0.0
721e5,0.0
722e5,1.0
722e5,0.0
722e5,0.0
722e5,0.0
722e5,0.0
722e5,0.0
722e5,0.0
722e5,0.0
722e5,0.0
722e5,0.0
723e5,1.0
723e5,0.0
723e5,0.0
723e5,0.0
723e5,0.0
723e5,0.0
723e5,0.0
723e5,0.0
723e5,0.0
723e5,0.0
724e5,1.0
724e5,0.0
724e5,0.0
724e5,0.0
724e5,0.0
724e5,0.0
724e5,0.0
724e5,0.0
724e5,0.0
724e5,0.0
725e5,1.0
725e5,0.0
725e5,0.0
725e5,0.0
725e5,0.0
725e5,0.0
725e5,0.0
725e5,0.0
725e5,0.0
725e5,0.0
726e5,1.0
726e5,0.0
726e5,0.0
726e5,0.0
726e5,0.0
726e5,0.0
726e5,0.0
726e5,0.0
726e5,0.0
726e5,0.0
727e5,1.0
727e5,0.0
727e5,0.0
727e5,0.0
727e5,0.0
727e5,0.0
727e5,0.0
727e5,0.0
727e5,0.0
727e5,0.0
728e5,1.0
728e5,0.0
728e5,0.0
728e5,0.0
728e5,0.0
728e5,0.0
728e5,0.0
728e5,0.0
728e5,0.0
728e5,0.0
729e5,1.0
729e5,0.0
729e5,0.0
729e5,0.0
729e5,0.0
729e5,0.0
729e5,0.0
729e5,0.0
729e5,0.0
729e5,0.0
73e6,1.0
73e6,0.0
73e6,0.0
73e6,0.0
73e6,0.0
73e6,0.0
73e6,0.0
73e6,0.0
73e6,0.0
73e6,0.0
731e5,1.0
731e5,0.0
731e5,0.0
731e5,0.0
731e5,0.0
731e5,0.0
731e5,0.0
731e5,0.0
731e5,0.0
731e5,0.0
732e5,1.0
732e5,0.0
732e5,0.0
732e5,0.0
732e5,0.0
732e5,0.0
732e5,0.0
732e5,0.0
732e5,0.0
732e5,0.0
733e5,1.0
733e5,0.0
733e5,0.0
733e5,0.0
733e5,0.0
733e5,0.0
733e5,0.0
733e5,0.0
733e5,0.0
733e5,0.0
734e5,1.0
734e5,0.0
734e5,0.0
734e5,0.0
734e5,0.0
734e5,0.0
734e5,0.0
734e5,0.0
734e5,0.0
734e5,0.0
735e5,1.0
735e5,0.0
735e5,0.0
735e5,0.0
735e5,0.0
735e5,0.0
735e5,0.0
735e5,0.0
735e5,0.0
735e5,0.0
736e5,1.0
736e5,0.0
736e5,0.0
736e5,0.0
736e5,0.0
736e5,0.0
736e5,0.0
736e5,0.0
736e5,0.0
736e5,0.0
737e5,1.0
737e5,0.0
737e5,0.0
737e5,0.0
737e5,0.0
737e5,0.0
737e5,0.0
737e5,0.0
737e5,0.0
737e5,0.0
738e5,1.0
738e5,0.0
738e5,0.0
738e5,0.0
738e5,0.0
738e5,0.0
738e5,0.0
738e5,0.0
738e5,0.0
738e5,0.0
739e5,1.0
739e5,0.0
739e5,0.0
739e5,0.0
739e5,0.0
739e5,0.0
739e5,0.0
739e5,0.0
739e5,0.0
739e5,0.0
74e6,1.0
74e6,0.0
74e6,0.0
74e6,0.0
74e6,0.0
74e6,0.0
74e6,0.0
74e6,0.0
74e6,0.0
74e6,0.0
741e5,1.0
741e5,0.0
741e5,0.0
741e5,0.0
741e5,0.0
741e5,0.0
741e5,0.0
741e5,0.0
741e5,0.0
741e5,0.0
742e5,1.0
742e5,0.0
742e5,0.0
742e5,0.0
742e5,0.0
742e5,0.0
742e5,0.0
742e5,0.0
742e5,0.0
742e5,0.0
743e5,1.0
743e5,0.0
743e5,0.0
743e5,0.0
743e5,0.0
743e5,0.0
743e5,0.0
743e5,0.0
743e5,0.0
743e5,0.0
744e5,1.0
744e5,0.0
744e5,0.0
744e5,0.0
744e5,0.0
744e5,0.0
744e5,0.0
744e5,0.0
744e5,0.0
744e5,0.0
745e5,1.0
745e5,0.0
745e5,0.0
745e5,0.0
745e5,0.0
745e5,0.0
745e5,0.0
745e5,0.0
745e5,0.0
745e5,0.0
746e5,1.0
746e5,0.0
746e5,0.0
746e5,0.0
746e5,0.0
746e5,0.0
746e5,0.0
746e5,0.0
746e5,0.0
746e5,0.0
747e5,1.0
747e5,0.0
747e5,0.0
747e5,0.0
747e5,0.0
747e5,0.0
747e5,0.0
747e5,0.0
747e5,0.0
747e5,0.0
748e5,1.0
748e5,0.0
748e5,0.0
748e5,0.0
748e5,0.0
748e5,0.0
748e5,0.0
748e5,0.0
748e5,0.0
748e5,0.0
749e5,1.0
749e5,0.0
749e5,0.0
749e5,0.0
749e5,0.0
749e5,0.0
749e5,0.0
749e5,0.0
749e5,0.0
749e5,0.0
75e6,1.0
75e6,0.0
75e6,0.0
75e6,0.0
75e6,0.0
75e6,0.0
75e6,0.0
75e6,0.0
75e6,0.0
75e6,0.0
751e5,1.0
751e5,0.0
751e5,0.0
751e5,0.0
751e5,0.0
751e5,0.0
751e5,0.0
751e5,0.0
751e5,0.0
751e5,0.0
752e5,1.0
752e5,0.0
752e5,0.0
752e5,0.0
752e5,0.0
752e5,0.0
752e5,0.0
752e5,0.0
752e5,0.0
752e5,0.0
753e5,1.0
753e5,0.0
753e5,0.0
753e5,0.0
753e5,0.0
753e5,0.0
753e5,0.0
753e5,0.0
753e5,0.0
753e5,0.0
754e5,1.0
754e5,0.0
754e5,0.0
754e5,0.0
754e5,0.0
754e5,0.0
754e5,0.0
754e5,0.0
754e5,0.0
754e5,0.0
755e5,1.0
755e5,0.0
755e5,0.0
755e5,0.0
755e5,0.0
755e5,0.0
755e5,0.0
755e5,0.0
755e5,0.0
755e5,0.0
756e5,1.0
756e5,0.0
756e5,0.0
756e5,0.0
756e5,0.0
756e5,0.0
756e5,0.0
756e5,0.0
756e5,0.0
756e5,0.0
757e5,1.0
757e5,0.0
757e5,0.0
757e5,0.0
757e5,0.0
757e5,0.0
757e5,0.0
757e5,0.0
757e5,0.0
757e5,0.0
758e5,1.0
758e5,0.0
758e5,0.0
758e5,0.0
758e5,0.0
758e5,0.0
758e5,0.0
758e5,0.0
758e5,0.0
758e5,0.0
759e5,1.0
759e5,0.0
759e5,0.0
759e5,0.0
759e5,0.0
759e5,0.0
759e5,0.0
759e5,0.0
759e5,0.0
759e5,0.0
76e6,1.0
76e6,0.0
76e6,0.0
76e6,0.0
76e6,0.0
76e6,0.0
76e6,0.0
76e6,0.0
76e6,0.0
76e6,0.0
761e5,1.0
761e5,0.0
761e5,0.0
761e5,0.0
761e5,0.0
761e5,0.0
761e5,0.0
761e5,0.0
761e5,0.0
761e5,0.0
762e5,1.0
762e5,0.0
762e5,0.0
762e5,0.0
762e5,0.0
762e5,0.0
762e5,0.0
762e5,0.0
762e5,0.0
762e5,0.0
763e5,1.0
763e5,0.0
763e5,0.0
763e5,0.0
763e5,0.0
763e5,0.0
763e5,0.0
763e5,0.0
763e5,0.0
763e5,0.0
764e5,1.0
764e5,0.0
764e5,0.0
764e5,0.0
764e5,0.0
764e5,0.0
764e5,0.0
764e5,0.0
764e5,0.0
764e5,0.0
765e5,1.0
765e5,0.0
765e5,0.0
765e5,0.0
765e5,0.0
765e5,0.0
765e5,0.0
765e5,0.0
765e5,0.0
765e5,0.0
766e5,1.0
766e5,0.0
766e5,0.0
766e5,0.0
766e5,0.0
766e5,0.0
766e5,0.0
766e5,0.0
766e5,0.0
766e5,0.0
767e5,1.0
767e5,0.0
767e5,0.0
767e5,0.0
767e5,0.0
767e5,0.0
767e5,0.0
767e5,0.0
767e5,0.0
767e5,0.0
768e5,1.0
768e5,0.0
768e5,0.0
768e5,0.0
768e5,0.0
768e5,0.0
768e5,0.0
768e5,0.0
768e5,0.0
768e5,0.0
769e5,1.0
769e5,0.0
769e5,0.0
769e5,0.0
769e5,0.0
769e5,0.0
769e5,0.0
769e5,0.0
769e5,0.0
769e5,0.0
77e6,1.0
77e6,0.0
77e6,0.0
77e6,0.0
77e6,0.0
77e6,0.0
77e6,0.0
77e6,0.0
77e6,0.0
77e6,0.0
771e5,1.0
771e5,0.0
771e5,0.0
771e5,0.0
771e5,0.0
771e5,0.0
771e5,0.0
771e5,0.0
771e5,0.0
771e5,0.0
772e5,1.0
772e5,0.0
772e5,0.0
772e5,0.0
772e5,0.0
772e5,0.0
772e5,0.0
772e5,0.0
772e5,0.0
772e5,0.0
773e5,1.0
773e5,0.0
773e5,0.0
773e5,0.0
773e5,0.0
773e5,0.0
773e5,0.0
773e5,0.0
773e5,0.0
773e5,0.0
774e5,1.0
774e5,0.0
774e5,0.0
774e5,0.0
774e5,0.0
774e5,0.0
774e5,0.0
774e5,0.0
774e5,0.0
774e5,0.0
775e5,1.0
775e5,0.0
775e5,0.0
775e5,0.0
775e5,0.0
775e5,0.0
775e5,0.0
775e5,0.0
775e5,0.0
775e5,0.0
776e5,1.0
776e5,0.0
776e5,0.0
776e5,0.0
776e5,0.0
776e5,0.0
776e5,0.0
776e5,0.0
776e5,0.0
776e5,0.0
777e5,1.0
777e5,0.0
777e5,0.0
777e5,0.0
777e5,0.0
777e5,0.0
777e5,0.0
777e5,0.0
777e5,0.0
777e5,0.0
778e5,1.0
778e5,0.0
778e5,0.0
778e5,0.0
778e5,0.0
778e5,0.0
778e5,0.0
778e5,0.0
778e5,0.0
778e5,0.0
779e5,1.0
779e5,0.0
779e5,0.0
779e5,0.0
779e5,0.0
779e5,0.0
779e5,0.0
779e5,0.0
779e5,0.0
779e5,0.0
78e6,1.0
78e6,0.0
78e6,0.0
78e6,0.0
78e6,0.0
78e6,0.0
78e6,0.0
78e6,0.0
78e6,0.0
78e6,0.0
781e5,1.0
781e5,0.0
781e5,0.0
781e5,0.0
781e5,0.0
781e5,0.0
781e5,0.0
781e5,0.0
781e5,0.0
781e5,0.0
782e5,1.0
782e5,0.0
782e5,0.0
782e5,0.0
782e5,0.0
782e5,0.0
782e5,0.0
782e5,0.0
782e5,0.0
782e5,0.0
783e5,1.0
783e5,0.0
783e5,0.0
783e5,0.0
783e5,0.0
783e5,0.0
783e5,0.0
783e5,0.0
783e5,0.0
783e5,0.0
784e5,1.0
784e5,0.0
784e5,0.0
784e5,0.0
784e5,0.0
784e5,0.0
784e5,0.0
784e5,0.0
784e5,0.0
784e5,0.0
785e5,1.0
785e5,0.0
785e5,0.0
785e5,0.0
785e5,0.0
785e5,0.0
785e5,0.0
785e5,0.0
785e5,0.0
785e5,0.0
786e5,1.0
786e5,0.0
786e5,0.0
786e5,0.0
786e5,0.0
786e5,0.0
786e5,0.0
786e5,0.0
786e5,0.0
786e5,0.0
787e5,1.0
787e5,0.0
787e5,0.0
787e5,0.0
787e5,0.0
787e5,0.0
787e5,0.0
787e5,0.0
787e5,0.0
787e5,0.0
788e5,1.0
788e5,0.0
788e5,0.0
788e5,0.0
788e5,0.0
788e5,0.0
788e5,0.0
788e5,0.0
788e5,0.0
788e5,0.0
789e5,1.0
789e5,0.0
789e5,0.0
789e5,0.0
789e5,0.0
789e5,0.0
789e5,0.0
789e5,0.0
789e5,0.0
789e5,0.0
79e6,1.0
79e6,0.0
79e6,0.0
79e6,0.0
79e6,0.0
79e6,0.0
79e6,0.0
79e6,0.0
79e6,0.0
79e6,0.0
791e5,1.0
791e5,0.0
791e5,0.0
791e5,0.0
791e5,0.0
791e5,0.0
791e5,0.0
791e5,0.0
791e5,0.0
791e5,0.0
792e5,1.0
792e5,0.0
792e5,0.0
792e5,0.0
792e5,0.0
792e5,0.0
792e5,0.0
792e5,0.0
792e5,0.0
792e5,0.0
793e5,1.0
793e5,0.0
793e5,0.0
793e5,0.0
793e5,0.0
793e5,0.0
793e5,0.0
793e5,0.0
793e5,0.0
793e5,0.0
794e5,1.0
794e5,0.0
794e5,0.0
794e5,0.0
794e5,0.0
794e5,0.0
794e5,0.0
794e5,0.0
794e5,0.0
794e5,0.0
795e5,1.0
795e5,0.0
795e5,0.0
795e5,0.0
795e5,0.0
795e5,0.0
795e5,0.0
795e5,0.0
795e5,0.0
795e5,0.0
796e5,1.0
796e5,0.0
796e5,0.0
796e5,0.0
796e5,0.0
796e5,0.0
796e5,0.0
796e5,0.0
796e5,0.0
796e5,0.0
797e5,1.0
797e5,0.0
797e5,0.0
797e5,0.0
797e5,0.0
797e5,0.0
797e5,0.0
797e5,0.0
797e5,0.0
797e5,0.0
798e5,1.0
798e5,0.0
798e5,0.0
798e5,0.0
798e5,0.0
798e5,0.0
798e5,0.0
798e5,0.0
798e5,0.0
798e5,0.0
799e5,1.0
799e5,0.0
799e5,0.0
799e5,0.0
799e5,0.0
799e5,0.0
799e5,0.0
799e5,0.0
799e5,0.0
799e5,0.0
8e7,1.0
8e7,0.0
8e7,0.0
8e7,0.0
8e7,0.0
8e7,0.0
8e7,0.0
8e7,0.0
8e7,0.0
8e7,0.0
801e5,1.0
801e5,0.0
801e5,0.0
801e5,0.0
801e5,0.0
801e5,0.0
801e5,0.0
801e5,0.0
801e5,0.0
801e5,0.0
802e5,1.0
802e5,0.0
802e5,0.0
802e5,0.0
802e5,0.0
802e5,0.0
802e5,0.0
802e5,0.0
802e5,0.0
802e5,0.0
803e5,1.0
803e5,0.0
803e5,0.0
803e5,0.0
803e5,0.0
803e5,0.0
803e5,0.0
803e5,0.0
803e5,0.0
803e5,0.0
804e5,1.0
804e5,0.0
804e5,0.0
804e5,0.0
804e5,0.0
804e5,0.0
804e5,0.0
804e5,0.0
804e5,0.0
804e5,0.0
805e5,1.0
805e5,0.0
805e5,0.0
805e5,0.0
805e5,0.0
805e5,0.0
805e5,0.0
805e5,0.0
805e5,0.0
805e5,0.0
806e5,1.0
806e5,0.0
806e5,0.0
806e5,0.0
806e5,0.0
806e5,0.0
806e5,0.0
806e5,0.0
806e5,0.0
806e5,0.0
807e5,1.0
807e5,0.0
807e5,0.0
807e5,0.0
807e5,0.0
807e5,0.0
807e5,0.0
807e5,0.0
807e5,0.0
807e5,0.0
808e5,1.0
808e5,0.0
808e5,0.0
808e5,0.0
808e5,0.0
808e5,0.0
808e5,0.0
808e5,0.0
808e5,0.0
808e5,0.0
809e5,1.0
809e5,0.0
809e5,0.0
809e5,0.0
809e5,0.0
809e5,0.0
809e5,0.0
809e5,0.0
809e5,0.0
809e5,0.0
81e6,1.0
81e6,0.0
81e6,0.0
81e6,0.0
81e6,0.0
81e6,0.0
81e6,0.0
81e6,0.0
81e6,0.0
81e6,0.0
811e5,1.0
811e5,0.0
811e5,0.0
811e5,0.0
811e5,0.0
811e5,0.0
811e5,0.0
811e5,0.0
811e5,0.0
811e5,0.0
812e5,1.0
812e5,0.0
812e5,0.0
812e5,0.0
812e5,0.0
812e5,0.0
812e5,0.0
812e5,0.0
812e5,0.0
812e5,0.0
813e5,1.0
813e5,0.0
813e5,0.0
813e5,0.0
813e5,0.0
813e5,0.0
813e5,0.0
813e5,0.0
813e5,0.0
813e5,0.0
814e5,1.0
814e5,0.0
814e5,0.0
814e5,0.0
814e5,0.0
814e5,0.0
814e5,0.0
814e5,0.0
814e5,0.0
814e5,0.0
815e5,1.0
815e5,0.0
815e5,0.0
815e5,0.0
815e5,0.0
815e5,0.0
815e5,0.0
815e5,0.0
815e5,0.0
815e5,0.0
816e5,1.0
816e5,0.0
816e5,0.0
816e5,0.0
816e5,0.0
816e5,0.0
816e5,0.0
816e5,0.0
816e5,0.0
816e5,0.0
817e5,1.0
817e5,0.0
817e5,0.0
817e5,0.0
817e5,0.0
817e5,0.0
817e5,0.0
817e5,0.0
817e5,0.0
817e5,0.0
818e5,1.0
818e5,0.0
818e5,0.0
818e5,0.0
818e5,0.0
818e5,0.0
818e5,0.0
818e5,0.0
818e5,0.0
818e5,0.0
819e5,1.0
819e5,0.0
819e5,0.0
819e5,0.0
819e5,0.0
819e5,0.0
819e5,0.0
819e5,0.0
819e5,0.0
819e5,0.0
82e6,1.0
82e6,0.0
82e6,0.0
82e6,0.0
82e6,0.0
82e6,0.0
82e6,0.0
82e6,0.0
82e6,0.0
82e6,0.0
821e5,1.0
821e5,0.0
821e5,0.0
821e5,0.0
821e5,0.0
821e5,0.0
821e5,0.0
821e5,0.0
821e5,0.0
821e5,0.0
822e5,1.0
822e5,0.0
822e5,0.0
822e5,0.0
822e5,0.0
822e5,0.0
822e5,0.0
822e5,0.0
822e5,0.0
822e5,0.0
823e5,1.0
823e5,0.0
823e5,0.0
823e5,0.0
823e5,0.0
823e5,0.0
823e5,0.0
823e5,0.0
823e5,0.0
823e5,0.0
824e5,1.0
824e5,0.0
824e5,0.0
824e5,0.0
824e5,0.0
824e5,0.0
824e5,0.0
824e5,0.0
824e5,0.0
824e5,0.0
825e5,1.0
825e5,0.0
825e5,0.0
825e5,0.0
825e5,0.0
825e5,0.0
825e5,0.0
825e5,0.0
825e5,0.0
825e5,0.0
826e5,1.0
826e5,0.0
826e5,0.0
826e5,0.0
826e5,0.0
826e5,0.0
826e5,0.0
826e5,0.0
826e5,0.0
826e5,0.0
827e5,1.0
827e5,0.0
827e5,0.0
827e5,0.0
827e5,0.0
827e5,0.0
827e5,0.0
827e5,0.0
827e5,0.0
827e5,0.0
828e5,1.0
828e5,0.0
828e5,0.0
828e5,0.0
828e5,0.0
828e5,0.0
828e5,0.0
828e5,0.0
828e5,0.0
828e5,0.0
829e5,1.0
829e5,0.0
829e5,0.0
829e5,0.0
829e5,0.0
829e5,0.0
829e5,0.0
829e5,0.0
829e5,0.0
829e5,0.0
83e6,1.0
83e6,0.0
83e6,0.0
83e6,0.0
83e6,0.0
83e6,0.0
83e6,0.0
83e6,0.0
83e6,0.0
83e6,0.0
831e5,1.0
831e5,0.0
831e5,0.0
831e5,0.0
831e5,0.0
831e5,0.0
831e5,0.0
831e5,0.0
831e5,0.0
831e5,0.0
832e5,1.0
832e5,0.0
832e5,0.0
832e5,0.0
832e5,0.0
832e5,0.0
832e5,0.0
832e5,0.0
832e5,0.0
832e5,0.0
833e5,1.0
833e5,0.0
833e5,0.0
833e5,0.0
833e5,0.0
833e5,0.0
833e5,0.0
833e5,0.0
833e5,0.0
833e5,0.0
834e5,1.0
834e5,0.0
834e5,0.0
834e5,0.0
834e5,0.0
834e5,0.0
834e5,0.0
834e5,0.0
834e5,0.0
834e5,0.0
835e5,1.0
835e5,0.0
835e5,0.0
835e5,0.0
835e5,0.0
835e5,0.0
835e5,0.0
835e5,0.0
835e5,0.0
835e5,0.0
836e5,1.0
836e5,0.0
836e5,0.0
836e5,0.0
836e5,0.0
836e5,0.0
836e5,0.0
836e5,0.0
836e5,0.0
836e5,0.0
837e5,1.0
837e5,0.0
837e5,0.0
837e5,0.0
837e5,0.0
837e5,0.0
837e5,0.0
837e5,0.0
837e5,0.0
837e5,0.0
838e5,1.0
838e5,0.0
838e5,0.0
838e5,0.0
838e5,0.0
838e5,0.0
838e5,0.0
838e5,0.0
838e5,0.0
838e5,0.0
839e5,1.0
839e5,0.0
839e5,0.0
839e5,0.0
839e5,0.0
839e5,0.0
839e5,0.0
839e5,0.0
839e5,0.0
839e5,0.0
84e6,1.0
84e6,0.0
84e6,0.0
84e6,0.0
84e6,0.0
84e6,0.0
84e6,0.0
84e6,0.0
84e6,0.0
84e6,0.0
841e5,1.0
841e5,0.0
841e5,0.0
841e5,0.0
841e5,0.0
841e5,0.0
841e5,0.0
841e5,0.0
841e5,0.0
841e5,0.0
842e5,1.0
842e5,0.0
842e5,0.0
842e5,0.0
842e5,0.0
842e5,0.0
842e5,0.0
842e5,0.0
842e5,0.0
842e5,0.0
843e5,1.0
843e5,0.0
843e5,0.0
843e5,0.0
843e5,0.0
843e5,0.0
843e5,0.0
843e5,0.0
843e5,0.0
843e5,0.0
844e5,1.0
844e5,0.0
844e5,0.0
844e5,0.0
844e5,0.0
844e5,0.0
844e5,0.0
844e5,0.0
844e5,0.0
844e5,0.0
845e5,1.0
845e5,0.0
845e5,0.0
845e5,0.0
845e5,0.0
845e5,0.0
845e5,0.0
845e5,0.0
845e5,0.0
845e5,0.0
846e5,1.0
846e5,0.0
846e5,0.0
846e5,0.0
846e5,0.0
846e5,0.0
846e5,0.0
846e5,0.0
846e5,0.0
846e5,0.0
847e5,1.0
847e5,0.0
847e5,0.0
847e5,0.0
847e5,0.0
847e5,0.0
847e5,0.0
847e5,0.0
847e5,0.0
847e5,0.0
848e5,1.0
848e5,0.0
848e5,0.0
848e5,0.0
848e5,0.0
848e5,0.0
848e5,0.0
848e5,0.0
848e5,0.0
848e5,0.0
849e5,1.0
849e5,0.0
849e5,0.0
849e5,0.0
849e5,0.0
849e5,0.0
849e5,0.0
849e5,0.0
849e5,0.0
849e5,0.0
85e6,1.0
85e6,0.0
85e6,0.0
85e6,0.0
85e6,0.0
85e6,0.0
85e6,0.0
85e6,0.0
85e6,0.0
85e6,0.0
851e5,1.0
851e5,0.0
851e5,0.0
851e5,0.0
851e5,0.0
851e5,0.0
851e5,0.0
851e5,0.0
851e5,0.0
851e5,0.0
852e5,1.0
852e5,0.0
852e5,0.0
852e5,0.0
852e5,0.0
852e5,0.0
852e5,0.0
852e5,0.0
852e5,0.0
852e5,0.0
853e5,1.0
853e5,0.0
853e5,0.0
853e5,0.0
853e5,0.0
853e5,0.0
853e5,0.0
853e5,0.0
853e5,0.0
853e5,0.0
854e5,1.0
854e5,0.0
854e5,0.0
854e5,0.0
854e5,0.0
854e5,0.0
854e5,0.0
854e5,0.0
854e5,0.0
854e5,0.0
855e5,1.0
855e5,0.0
855e5,0.0
855e5,0.0
855e5,0.0
855e5,0.0
855e5,0.0
855e5,0.0
855e5,0.0
855e5,0.0
856e5,1.0
856e5,0.0
856e5,0.0
856e5,0.0
856e5,0.0
856e5,0.0
856e5,0.0
856e5,0.0
856e5,0.0
856e5,0.0
857e5,1.0
857e5,0.0
857e5,0.0
857e5,0.0
857e5,0.0
857e5,0.0
857e5,0.0
857e5,0.0
857e5,0.0
857e5,0.0
858e5,1.0
858e5,0.0
858e5,0.0
858e5,0.0
858e5,0.0
858e5,0.0
858e5,0.0
858e5,0.0
858e5,0.0
858e5,0.0
859e5,1.0
859e5,0.0
859e5,0.0
859e5,0.0
859e5,0.0
859e5,0.0
859e5,0.0
859e5,0.0
859e5,0.0
859e5,0.0
86e6,1.0
86e6,0.0
86e6,0.0
86e6,0.0
86e6,0.0
86e6,0.0
86e6,0.0
86e6,0.0
86e6,0.0
86e6,0.0
861e5,1.0
861e5,0.0
861e5,0.0
861e5,0.0
861e5,0.0
861e5,0.0
861e5,0.0
861e5,0.0
861e5,0.0
861e5,0.0
862e5,1.0
862e5,0.0
862e5,0.0
862e5,0.0
862e5,0.0
862e5,0.0
862e5,0.0
862e5,0.0
862e5,0.0
862e5,0.0
863e5,1.0
863e5,0.0
863e5,0.0
863e5,0.0
863e5,0.0
863e5,0.0
863e5,0.0
863e5,0.0
863e5,0.0
863e5,0.0
864e5,1.0
864e5,0.0
864e5,0.0
864e5,0.0
864e5,0.0
864e5,0.0
864e5,0.0
864e5,0.0
864e5,0.0
864e5,0.0
865e5,1.0
865e5,0.0
865e5,0.0
865e5,0.0
865e5,0.0
865e5,0.0
865e5,0.0
865e5,0.0
865e5,0.0
865e5,0.0
866e5,1.0
866e5,0.0
866e5,0.0
866e5,0.0
866e5,0.0
866e5,0.0
866e5,0.0
866e5,0.0
866e5,0.0
866e5,0.0
867e5,1.0
867e5,0.0
867e5,0.0
867e5,0.0
867e5,0.0
867e5,0.0
867e5,0.0
867e5,0.0
867e5,0.0
867e5,0.0
868e5,1.0
868e5,0.0
868e5,0.0
868e5,0.0
868e5,0.0
868e5,0.0
868e5,0.0
868e5,0.0
868e5,0.0
868e5,0.0
869e5,1.0
869e5,0.0
869e5,0.0
869e5,0.0
869e5,0.0
869e5,0.0
869e5,0.0
869e5,0.0
869e5,0.0
869e5,0.0
87e6,1.0
87e6,0.0
87e6,0.0
87e6,0.0
87e6,0.0
87e6,0.0
87e6,0.0
87e6,0.0
87e6,0.0
87e6,0.0
871e5,1.0
871e5,0.0
871e5,0.0
871e5,0.0
871e5,0.0
871e5,0.0
871e5,0.0
871e5,0.0
871e5,0.0
871e5,0.0
872e5,1.0
872e5,0.0
872e5,0.0
872e5,0.0
872e5,0.0
872e5,0.0
872e5,0.0
872e5,0.0
872e5,0.0
872e5,0.0
873e5,1.0
873e5,0.0
873e5,0.0
873e5,0.0
873e5,0.0
873e5,0.0
873e5,0.0
873e5,0.0
873e5,0.0
873e5,0.0
874e5,1.0
874e5,0.0
874e5,0.0
874e5,0.0
874e5,0.0
874e5,0.0
874e5,0.0
874e5,0.0
874e5,0.0
874e5,0.0
875e5,1.0
875e5,0.0
875e5,0.0
875e5,0.0
875e5,0.0
875e5,0.0
875e5,0.0
875e5,0.0
875e5,0.0
875e5,0.0
876e5,1.0
876e5,0.0
876e5,0.0
876e5,0.0
876e5,0.0
876e5,0.0
876e5,0.0
876e5,0.0
876e5,0.0
876e5,0.0
877e5,1.0
877e5,0.0
877e5,0.0
877e5,0.0
877e5,0.0
877e5,0.0
877e5,0.0
877e5,0.0
877e5,0.0
877e5,0.0
878e5,1.0
878e5,0.0
878e5,0.0
878e5,0.0
878e5,0.0
878e5,0.0
878e5,0.0
878e5,0.0
878e5,0.0
878e5,0.0
879e5,1.0
879e5,0.0
879e5,0.0
879e5,0.0
879e5,0.0
879e5,0.0
879e5,0.0
879e5,0.0
879e5,0.0
879e5,0.0
88e6,1.0
88e6,0.0
88e6,0.0
88e6,0.0
88e6,0.0
88e6,0.0
88e6,0.0
88e6,0.0
88e6,0.0
88e6,0.0
881e5,1.0
881e5,0.0
881e5,0.0
881e5,0.0
881e5,0.0
881e5,0.0
881e5,0.0
881e5,0.0
881e5,0.0
881e5,0.0
882e5,1.0
882e5,0.0
882e5,0.0
882e5,0.0
882e5,0.0
882e5,0.0
882e5,0.0
882e5,0.0
882e5,0.0
882e5,0.0
883e5,1.0
883e5,0.0
883e5,0.0
883e5,0.0
883e5,0.0
883e5,0.0
883e5,0.0
883e5,0.0
883e5,0.0
883e5,0.0
884e5,1.0
884e5,0.0
884e5,0.0
884e5,0.0
884e5,0.0
884e5,0.0
884e5,0.0
884e5,0.0
884e5,0.0
884e5,0.0
885e5,1.0
885e5,0.0
885e5,0.0
885e5,0.0
885e5,0.0
885e5,0.0
885e5,0.0
885e5,0.0
885e5,0.0
885e5,0.0
886e5,1.0
886e5,0.0
886e5,0.0
886e5,0.0
886e5,0.0
886e5,0.0
886e5,0.0
886e5,0.0
886e5,0.0
886e5,0.0
887e5,1.0
887e5,0.0
887e5,0.0
887e5,0.0
887e5,0.0
887e5,0.0
887e5,0.0
887e5,0.0
887e5,0.0
887e5,0.0
888e5,1.0
888e5,0.0
888e5,0.0
888e5,0.0
888e5,0.0
888e5,0.0
888e5,0.0
888e5,0.0
888e5,0.0
888e5,0.0
889e5,1.0
889e5,0.0
889e5,0.0
889e5,0.0
889e5,0.0
889e5,0.0
889e5,0.0
889e5,0.0
889e5,0.0
889e5,0.0
89e6,1.0
89e6,0.0
89e6,0.0
89e6,0.0
89e6,0.0
89e6,0.0
89e6,0.0
89e6,0.0
89e6,0.0
89e6,0.0
891e5,1.0
891e5,0.0
891e5,0.0
891e5,0.0
891e5,0.0
891e5,0.0
891e5,0.0
891e5,0.0
891e5,0.0
891e5,0.0
892e5,1.0
892e5,0.0
892e5,0.0
892e5,0.0
892e5,0.0
892e5,0.0
892e5,0.0
892e5,0.0
892e5,0.0
892e5,0.0
893e5,1.0
893e5,0.0
893e5,0.0
893e5,0.0
893e5,0.0
893e5,0.0
893e5,0.0
893e5,0.0
893e5,0.0
893e5,0.0
894e5,1.0
894e5,0.0
894e5,0.0
894e5,0.0
894e5,0.0
894e5,0.0
894e5,0.0
894e5,0.0
894e5,0.0
894e5,0.0
895e5,1.0
895e5,0.0
895e5,0.0
895e5,0.0
895e5,0.0
895e5,0.0
895e5,0.0
895e5,0.0
895e5,0.0
895e5,0.0
896e5,1.0
896e5,0.0
896e5,0.0
896e5,0.0
896e5,0.0
896e5,0.0
896e5,0.0
896e5,0.0
896e5,0.0
896e5,0.0
897e5,1.0
897e5,0.0
897e5,0.0
897e5,0.0
897e5,0.0
897e5,0.0
897e5,0.0
897e5,0.0
897e5,0.0
897e5,0.0
898e5,1.0
898e5,0.0
898e5,0.0
898e5,0.0
898e5,0.0
898e5,0.0
898e5,0.0
898e5,0.0
898e5,0.0
898e5,0.0
899e5,1.0
899e5,0.0
899e5,0.0
899e5,0.0
899e5,0.0
899e5,0.0
899e5,0.0
899e5,0.0
899e5,0.0
899e5,0.0
9e7,1.0
9e7,0.0
9e7,0.0
9e7,0.0
9e7,0.0
9e7,0.0
9e7,0.0
9e7,0.0
9e7,0.0
9e7,0.0
901e5,1.0
901e5,0.0
901e5,0.0
901e5,0.0
901e5,0.0
901e5,0.0
901e5,0.0
901e5,0.0
901e5,0.0
901e5,0.0
902e5,1.0
902e5,0.0
902e5,0.0
902e5,0.0
902e5,0.0
902e5,0.0
902e5,0.0
902e5,0.0
902e5,0.0
902e5,0.0
903e5,1.0
903e5,0.0
903e5,0.0
903e5,0.0
903e5,0.0
903e5,0.0
903e5,0.0
903e5,0.0
903e5,0.0
903e5,0.0
904e5,1.0
904e5,0.0
904e5,0.0
904e5,0.0
904e5,0.0
904e5,0.0
904e5,0.0
904e5,0.0
904e5,0.0
904e5,0.0
905e5,1.0
905e5,0.0
905e5,0.0
905e5,0.0
905e5,0.0
905e5,0.0
905e5,0.0
905e5,0.0
905e5,0.0
905e5,0.0
906e5,1.0
906e5,0.0
906e5,0.0
906e5,0.0
906e5,0.0
906e5,0.0
906e5,0.0
906e5,0.0
906e5,0.0
906e5,0.0
907e5,1.0
907e5,0.0
907e5,0.0
907e5,0.0
907e5,0.0
907e5,0.0
907e5,0.0
907e5,0.0
907e5,0.0
907e5,0.0
908e5,1.0
908e5,0.0
908e5,0.0
908e5,0.0
908e5,0.0
908e5,0.0
908e5,0.0
908e5,0.0
908e5,0.0
908e5,0.0
909e5,1.0
909e5,0.0
909e5,0.0
909e5,0.0
909e5,0.0
909e5,0.0
909e5,0.0
909e5,0.0
909e5,0.0
909e5,0.0
91e6,1.0
91e6,0.0
91e6,0.0
91e6,0.0
91e6,0.0
91e6,0.0
91e6,0.0
91e6,0.0
91e6,0.0
91e6,0.0
911e5,1.0
911e5,0.0
911e5,0.0
911e5,0.0
911e5,0.0
911e5,0.0
911e5,0.0
911e5,0.0
911e5,0.0
911e5,0.0
912e5,1.0
912e5,0.0
912e5,0.0
912e5,0.0
912e5,0.0
912e5,0.0
912e5,0.0
912e5,0.0
912e5,0.0
912e5,0.0
913e5,1.0
913e5,0.0
913e5,0.0
913e5,0.0
913e5,0.0
913e5,0.0
913e5,0.0
913e5,0.0
913e5,0.0
913e5,0.0
914e5,1.0
914e5,0.0
914e5,0.0
914e5,0.0
914e5,0.0
914e5,0.0
914e5,0.0
914e5,0.0
914e5,0.0
914e5,0.0
915e5,1.0
915e5,0.0
915e5,0.0
915e5,0.0
915e5,0.0
915e5,0.0
915e5,0.0
915e5,0.0
915e5,0.0
915e5,0.0
916e5,1.0
916e5,0.0
916e5,0.0
916e5,0.0
916e5,0.0
916e5,0.0
916e5,0.0
916e5,0.0
916e5,0.0
916e5,0.0
917e5,1.0
917e5,0.0
917e5,0.0
917e5,0.0
917e5,0.0
917e5,0.0
917e5,0.0
917e5,0.0
917e5,0.0
917e5,0.0
918e5,1.0
918e5,0.0
918e5,0.0
918e5,0.0
918e5,0.0
918e5,0.0
918e5,0.0
918e5,0.0
918e5,0.0
918e5,0.0
919e5,1.0
919e5,0.0
919e5,0.0
919e5,0.0
919e5,0.0
919e5,0.0
919e5,0.0
919e5,0.0
919e5,0.0
919e5,0.0
92e6,1.0
92e6,0.0
92e6,0.0
92e6,0.0
92e6,0.0
92e6,0.0
92e6,0.0
92e6,0.0
92e6,0.0
92e6,0.0
921e5,1.0
921e5,0.0
921e5,0.0
921e5,0.0
921e5,0.0
921e5,0.0
921e5,0.0
921e5,0.0
921e5,0.0
921e5,0.0
922e5,1.0
922e5,0.0
922e5,0.0
922e5,0.0
922e5,0.0
922e5,0.0
922e5,0.0
922e5,0.0
922e5,0.0
922e5,0.0
923e5,1.0
923e5,0.0
923e5,0.0
923e5,0.0
923e5,0.0
923e5,0.0
923e5,0.0
923e5,0.0
923e5,0.0
923e5,0.0
924e5,1.0
924e5,0.0
924e5,0.0
924e5,0.0
924e5,0.0
924e5,0.0
924e5,0.0
924e5,0.0
924e5,0.0
924e5,0.0
925e5,1.0
925e5,0.0
925e5,0.0
925e5,0.0
925e5,0.0
925e5,0.0
925e5,0.0
925e5,0.0
925e5,0.0
925e5,0.0
926e5,1.0
926e5,0.0
926e5,0.0
926e5,0.0
926e5,0.0
926e5,0.0
926e5,0.0
926e5,0.0
926e5,0.0
926e5,0.0
927e5,1.0
927e5,0.0
927e5,0.0
927e5,0.0
927e5,0.0
927e5,0.0
927e5,0.0
927e5,0.0
927e5,0.0
927e5,0.0
928e5,1.0
928e5,0.0
928e5,0.0
928e5,0.0
928e5,0.0
928e5,0.0
928e5,0.0
928e5,0.0
928e5,0.0
928e5,0.0
929e5,1.0
929e5,0.0
929e5,0.0
929e5,0.0
929e5,0.0
929e5,0.0
929e5,0.0
929e5,0.0
929e5,0.0
929e5,0.0
93e6,1.0
93e6,0.0
93e6,0.0
93e6,0.0
93e6,0.0
93e6,0.0
93e6,0.0
93e6,0.0
93e6,0.0
93e6,0.0
931e5,1.0
931e5,0.0
931e5,0.0
931e5,0.0
931e5,0.0
931e5,0.0
931e5,0.0
931e5,0.0
931e5,0.0
931e5,0.0
932e5,1.0
932e5,0.0
932e5,0.0
932e5,0.0
932e5,0.0
932e5,0.0
932e5,0.0
932e5,0.0
932e5,0.0
932e5,0.0
933e5,1.0
933e5,0.0
933e5,0.0
933e5,0.0
933e5,0.0
933e5,0.0
933e5,0.0
933e5,0.0
933e5,0.0
933e5,0.0
934e5,1.0
934e5,0.0
934e5,0.0
934e5,0.0
934e5,0.0
934e5,0.0
934e5,0.0
934e5,0.0
934e5,0.0
934e5,0.0
935e5,1.0
935e5,0.0
935e5,0.0
935e5,0.0
935e5,0.0
935e5,0.0
935e5,0.0
935e5,0.0
935e5,0.0
935e5,0.0
936e5,1.0
936e5,0.0
936e5,0.0
936e5,0.0
936e5,0.0
936e5,0.0
936e5,0.0
936e5,0.0
936e5,0.0
936e5,0.0
937e5,1.0
937e5,0.0
937e5,0.0
937e5,0.0
937e5,0.0
937e5,0.0
937e5,0.0
937e5,0.0
937e5,0.0
937e5,0.0
938e5,1.0
938e5,0.0
938e5,0.0
938e5,0.0
938e5,0.0
938e5,0.0
938e5,0.0
938e5,0.0
938e5,0.0
938e5,0.0
939e5,1.0
939e5,0.0
939e5,0.0
939e5,0.0
939e5,0.0
939e5,0.0
939e5,0.0
939e5,0.0
939e5,0.0
939e5,0.0
94e6,1.0
94e6,0.0
94e6,0.0
94e6,0.0
94e6,0.0
94e6,0.0
94e6,0.0
94e6,0.0
94e6,0.0
94e6,0.0
941e5,1.0
941e5,0.0
941e5,0.0
941e5,0.0
941e5,0.0
941e5,0.0
941e5,0.0
941e5,0.0
941e5,0.0
941e5,0.0
942e5,1.0
942e5,0.0
942e5,0.0
942e5,0.0
942e5,0.0
942e5,0.0
942e5,0.0
942e5,0.0
942e5,0.0
942e5,0.0
943e5,1.0
943e5,0.0
943e5,0.0
943e5,0.0
943e5,0.0
943e5,0.0
943e5,0.0
943e5,0.0
943e5,0.0
943e5,0.0
944e5,1.0
944e5,0.0
944e5,0.0
944e5,0.0
944e5,0.0
944e5,0.0
944e5,0.0
944e5,0.0
944e5,0.0
944e5,0.0
945e5,1.0
945e5,0.0
945e5,0.0
945e5,0.0
945e5,0.0
945e5,0.0
945e5,0.0
945e5,0.0
945e5,0.0
945e5,0.0
946e5,1.0
946e5,0.0
946e5,0.0
946e5,0.0
946e5,0.0
946e5,0.0
946e5,0.0
946e5,0.0
946e5,0.0
946e5,0.0
947e5,1.0
947e5,0.0
947e5,0.0
947e5,0.0
947e5,0.0
947e5,0.0
947e5,0.0
947e5,0.0
947e5,0.0
947e5,0.0
948e5,1.0
948e5,0.0
948e5,0.0
948e5,0.0
948e5,0.0
948e5,0.0
948e5,0.0
948e5,0.0
948e5,0.0
948e5,0.0
949e5,1.0
949e5,0.0
949e5,0.0
949e5,0.0
949e5,0.0
949e5,0.0
949e5,0.0
949e5,0.0
949e5,0.0
949e5,0.0
95e6,1.0
95e6,0.0
95e6,0.0
95e6,0.0
95e6,0.0
95e6,0.0
95e6,0.0
95e6,0.0
95e6,0.0
95e6,0.0
951e5,1.0
951e5,0.0
951e5,0.0
951e5,0.0
951e5,0.0
951e5,0.0
951e5,0.0
951e5,0.0
951e5,0.0
951e5,0.0
952e5,1.0
952e5,0.0
952e5,0.0
952e5,0.0
952e5,0.0
952e5,0.0
952e5,0.0
952e5,0.0
952e5,0.0
952e5,0.0
953e5,1.0
953e5,0.0
953e5,0.0
953e5,0.0
953e5,0.0
953e5,0.0
953e5,0.0
953e5,0.0
953e5,0.0
953e5,0.0
954e5,1.0
954e5,0.0
954e5,0.0
954e5,0.0
954e5,0.0
954e5,0.0
954e5,0.0
954e5,0.0
954e5,0.0
954e5,0.0
955e5,1.0
955e5,0.0
955e5,0.0
955e5,0.0
955e5,0.0
955e5,0.0
955e5,0.0
955e5,0.0
955e5,0.0
955e5,0.0
956e5,1.0
956e5,0.0
956e5,0.0
956e5,0.0
956e5,0.0
956e5,0.0
956e5,0.0
956e5,0.0
956e5,0.0
956e5,0.0
957e5,1.0
957e5,0.0
957e5,0.0
957e5,0.0
957e5,0.0
957e5,0.0
957e5,0.0
957e5,0.0
957e5,0.0
957e5,0.0
958e5,1.0
958e5,0.0
958e5,0.0
958e5,0.0
958e5,0.0
958e5,0.0
958e5,0.0
958e5,0.0
958e5,0.0
958e5,0.0
959e5,1.0
959e5,0.0
959e5,0.0
959e5,0.0
959e5,0.0
959e5,0.0
959e5,0.0
959e5,0.0
959e5,0.0
959e5,0.0
96e6,1.0
96e6,0.0
96e6,0.0
96e6,0.0
96e6,0.0
96e6,0.0
96e6,0.0
96e6,0.0
96e6,0.0
96e6,0.0
961e5,1.0
961e5,0.0
961e5,0.0
961e5,0.0
961e5,0.0
961e5,0.0
961e5,0.0
961e5,0.0
961e5,0.0
961e5,0.0
962e5,1.0
962e5,0.0
962e5,0.0
962e5,0.0
962e5,0.0
962e5,0.0
962e5,0.0
962e5,0.0
962e5,0.0
962e5,0.0
963e5,1.0
963e5,0.0
963e5,0.0
963e5,0.0
963e5,0.0
963e5,0.0
963e5,0.0
963e5,0.0
963e5,0.0
963e5,0.0
964e5,1.0
964e5,0.0
964e5,0.0
964e5,0.0
964e5,0.0
964e5,0.0
964e5,0.0
964e5,0.0
964e5,0.0
964e5,0.0
965e5,1.0
965e5,0.0
965e5,0.0
965e5,0.0
965e5,0.0
965e5,0.0
965e5,0.0
965e5,0.0
965e5,0.0
965e5,0.0
966e5,1.0
966e5,0.0
966e5,0.0
966e5,0.0
966e5,0.0
966e5,0.0
966e5,0.0
966e5,0.0
966e5,0.0
966e5,0.0
967e5,1.0
967e5,0.0
967e5,0.0
967e5,0.0
967e5,0.0
967e5,0.0
967e5,0.0
967e5,0.0
967e5,0.0
967e5,0.0
968e5,1.0
968e5,0.0
968e5,0.0
968e5,0.0
968e5,0.0
968e5,0.0
968e5,0.0
968e5,0.0
968e5,0.0
968e5,0.0
969e5,1.0
969e5,0.0
969e5,0.0
969e5,0.0
969e5,0.0
969e5,0.0
969e5,0.0
969e5,0.0
969e5,0.0
969e5,0.0
97e6,1.0
97e6,0.0
97e6,0.0
97e6,0.0
97e6,0.0
97e6,0.0
97e6,0.0
97e6,0.0
97e6,0.0
97e6,0.0
971e5,1.0
971e5,0.0
971e5,0.0
971e5,0.0
971e5,0.0
971e5,0.0
971e5,0.0
971e5,0.0
971e5,0.0
971e5,0.0
972e5,1.0
972e5,0.0
972e5,0.0
972e5,0.0
972e5,0.0
972e5,0.0
972e5,0.0
972e5,0.0
972e5,0.0
972e5,0.0
973e5,1.0
973e5,0.0
973e5,0.0
973e5,0.0
973e5,0.0
973e5,0.0
973e5,0.0
973e5,0.0
973e5,0.0
973e5,0.0
974e5,1.0
974e5,0.0
974e5,0.0
974e5,0.0
974e5,0.0
974e5,0.0
974e5,0.0
974e5,0.0
974e5,0.0
974e5,0.0
975e5,1.0
975e5,0.0
975e5,0.0
975e5,0.0
975e5,0.0
975e5,0.0
975e5,0.0
975e5,0.0
975e5,0.0
975e5,0.0
976e5,1.0
976e5,0.0
976e5,0.0
976e5,0.0
976e5,0.0
976e5,0.0
976e5,0.0
976e5,0.0
976e5,0.0
976e5,0.0
977e5,1.0
977e5,0.0
977e5,0.0
977e5,0.0
977e5,0.0
977e5,0.0
977e5,0.0
977e5,0.0
977e5,0.0
977e5,0.0
978e5,1.0
978e5,0.0
978e5,0.0
978e5,0.0
978e5,0.0
978e5,0.0
978e5,0.0
978e5,0.0
978e5,0.0
978e5,0.0
979e5,1.0
979e5,0.0
979e5,0.0
979e5,0.0
979e5,0.0
979e5,0.0
979e5,0.0
979e5,0.0
979e5,0.0
979e5,0.0
98e6,1.0
98e6,0.0
98e6,0.0
98e6,0.0
98e6,0.0
98e6,0.0
98e6,0.0
98e6,0.0
98e6,0.0
98e6,0.0
981e5,1.0
981e5,0.0
981e5,0.0
981e5,0.0
981e5,0.0
981e5,0.0
981e5,0.0
981e5,0.0
981e5,0.0
981e5,0.0
982e5,1.0
982e5,0.0
982e5,0.0
982e5,0.0
982e5,0.0
982e5,0.0
982e5,0.0
982e5,0.0
982e5,0.0
982e5,0.0
983e5,1.0
983e5,0.0
983e5,0.0
983e5,0.0
983e5,0.0
983e5,0.0
983e5,0.0
983e5,0.0
983e5,0.0
983e5,0.0
984e5,1.0
984e5,0.0
984e5,0.0
984e5,0.0
984e5,0.0
984e5,0.0
984e5,0.0
984e5,0.0
984e5,0.0
984e5,0.0
985e5,1.0
985e5,0.0
985e5,0.0
985e5,0.0
985e5,0.0
985e5,0.0
985e5,0.0
985e5,0.0
985e5,0.0
985e5,0.0
986e5,1.0
986e5,0.0
986e5,0.0
986e5,0.0
986e5,0.0
986e5,0.0
986e5,0.0
986e5,0.0
986e5,0.0
986e5,0.0
987e5,1.0
987e5,0.0
987e5,0.0
987e5,0.0
987e5,0.0
987e5,0.0
987e5,0.0
987e5,0.0
987e5,0.0
987e5,0.0
988e5,1.0
988e5,0.0
988e5,0.0
988e5,0.0
988e5,0.0
988e5,0.0
988e5,0.0
988e5,0.0
988e5,0.0
988e5,0.0
989e5,1.0
989e5,0.0
989e5,0.0
989e5,0.0
989e5,0.0
989e5,0.0
989e5,0.0
989e5,0.0
989e5,0.0
989e5,0.0
99e6,1.0
99e6,0.0
99e6,0.0
99e6,0.0
99e6,0.0
99e6,0.0
99e6,0.0
99e6,0.0
99e6,0.0
99e6,0.0
991e5,1.0
991e5,0.0
991e5,0.0
991e5,0.0
991e5,0.0
991e5,0.0
991e5,0.0
991e5,0.0
991e5,0.0
991e5,0.0
992e5,1.0
992e5,0.0
992e5,0.0
992e5,0.0
992e5,0.0
992e5,0.0
992e5,0.0
992e5,0.0
992e5,0.0
992e5,0.0
993e5,1.0
993e5,0.0
993e5,0.0
993e5,0.0
993e5,0.0
993e5,0.0
993e5,0.0
993e5,0.0
993e5,0.0
993e5,0.0
994e5,1.0
994e5,0.0
994e5,0.0
994e5,0.0
994e5,0.0
994e5,0.0
994e5,0.0
994e5,0.0
994e5,0.0
994e5,0.0
995e5,1.0
995e5,0.0
995e5,0.0
995e5,0.0
995e5,0.0
995e5,0.0
995e5,0.0
995e5,0.0
995e5,0.0
995e5,0.0
996e5,1.0
996e5,0.0
996e5,0.0
996e5,0.0
996e5,0.0
996e5,0.0
996e5,0.0
996e5,0.0
996e5,0.0
996e5,0.0
997e5,1.0
997e5,0.0
997e5,0.0
997e5,0.0
997e5,0.0
997e5,0.0
997e5,0.0
997e5,0.0
997e5,0.0
997e5,0.0
998e5,1.0
998e5,0.0
998e5,0.0
998e5,0.0
998e5,0.0
998e5,0.0
998e5,0.0
998e5,0.0
998e5,0.0
998e5,0.0
999e5,1.0
999e5,0.0
999e5,0.0
999e5,0.0
999e5,0.0
999e5,0.0
999e5,0.0
999e5,0.0
999e5,0.0
999e5,0.0
1e8,1.0
1e8,0.0
1e8,0.0
1e8,0.0
1e8,0.0
1e8,0.0
1e8,0.0
1e8,0.0
1e8,0.0
1e8,0.0
