6e7,1
6e7,0
6e7,0
6e7,0
6e7,0
6e7,0
6e7,0
6e7,0
6e7,0
6e7,0
601e5,1
601e5,0
601e5,0
601e5,0
601e5,0
601e5,0
601e5,0
601e5,0
601e5,0
601e5,0
602e5,1
602e5,0
602e5,0
602e5,0
602e5,0
602e5,0
602e5,0
602e5,0
602e5,0
602e5,0
603e5,1
603e5,0
603e5,0
603e5,0
603e5,0
603e5,0
603e5,0
603e5,0
603e5,0
603e5,0
604e5,1
604e5,0
604e5,0
604e5,0
604e5,0
604e5,0
604e5,0
604e5,0
604e5,0
604e5,0
605e5,1
605e5,0
605e5,0
605e5,0
605e5,0
605e5,0
605e5,0
605e5,0
605e5,0
605e5,0
606e5,1
606e5,0
606e5,0
606e5,0
606e5,0
606e5,0
606e5,0
606e5,0
606e5,0
606e5,0
607e5,1
607e5,0
607e5,0
607e5,0
607e5,0
607e5,0
607e5,0
607e5,0
607e5,0
607e5,0
608e5,1
608e5,0
608e5,0
608e5,0
608e5,0
608e5,0
608e5,0
608e5,0
608e5,0
608e5,0
609e5,1
609e5,0
609e5,0
609e5,0
609e5,0
609e5,0
609e5,0
609e5,0
609e5,0
609e5,0
61e6,1
61e6,0
61e6,0
61e6,0
61e6,0
61e6,0
61e6,0
61e6,0
61e6,0
61e6,0
611e5,1
611e5,0
611e5,0
611e5,0
611e5,0
611e5,0
611e5,0
611e5,0
611e5,0
611e5,0
612e5,1
612e5,0
612e5,0
612e5,0
612e5,0
612e5,0
612e5,0
612e5,0
612e5,0
612e5,0
613e5,1
613e5,0
613e5,0
613e5,0
613e5,0
613e5,0
613e5,0
613e5,0
613e5,0
613e5,0
614e5,1
614e5,0
614e5,0
614e5,0
614e5,0
614e5,0
614e5,0
614e5,0
614e5,0
614e5,0
615e5,1
615e5,0
615e5,0
615e5,0
615e5,0
615e5,0
615e5,0
615e5,0
615e5,0
615e5,0
616e5,1
616e5,0
616e5,0
616e5,0
616e5,0
616e5,0
616e5,0
616e5,0
616e5,0
616e5,0
617e5,1
617e5,0
617e5,0
617e5,0
617e5,0
617e5,0
617e5,0
617e5,0
617e5,0
617e5,0
618e5,1
618e5,0
618e5,0
618e5,0
618e5,0
618e5,0
618e5,0
618e5,0
618e5,0
618e5,0
619e5,1
619e5,0
619e5,0
619e5,0
619e5,0
619e5,0
619e5,0
619e5,0
619e5,0
619e5,0
62e6,1
62e6,0
62e6,0
62e6,0
62e6,0
62e6,0
62e6,0
62e6,0
62e6,0
62e6,0
621e5,1
621e5,0
621e5,0
621e5,0
621e5,0
621e5,0
621e5,0
621e5,0
621e5,0
621e5,0
622e5,1
622e5,0
622e5,0
622e5,0
622e5,0
622e5,0
622e5,0
622e5,0
622e5,0
622e5,0
623e5,1
623e5,0
623e5,0
623e5,0
623e5,0
623e5,0
623e5,0
623e5,0
623e5,0
623e5,0
624e5,1
624e5,0
624e5,0
624e5,0
624e5,0
624e5,0
624e5,0
624e5,0
624e5,0
624e5,0
625e5,1
625e5,0
625e5,0
625e5,0
625e5,0
625e5,0
625e5,0
625e5,0
625e5,0
625e5,0
626e5,1
626e5,0
626e5,0
626e5,0
626e5,0
626e5,0
626e5,0
626e5,0
626e5,0
626e5,0
627e5,1
627e5,0
627e5,0
627e5,0
627e5,0
627e5,0
627e5,0
627e5,0
627e5,0
627e5,0
628e5,1
628e5,0
628e5,0
628e5,0
628e5,0
628e5,0
628e5,0
628e5,0
628e5,0
628e5,0
629e5,1
629e5,0
629e5,0
629e5,0
629e5,0
629e5,0
629e5,0
629e5,0
629e5,0
629e5,0
63e6,1
63e6,0
63e6,0
63e6,0
63e6,0
63e6,0
63e6,0
63e6,0
63e6,0
63e6,0
631e5,1
631e5,0
631e5,0
631e5,0
631e5,0
631e5,0
631e5,0
631e5,0
631e5,0
631e5,0
632e5,1
632e5,0
632e5,0
632e5,0
632e5,0
632e5,0
632e5,0
632e5,0
632e5,0
632e5,0
633e5,1
633e5,0
633e5,0
633e5,0
633e5,0
633e5,0
633e5,0
633e5,0
633e5,0
633e5,0
634e5,1
634e5,0
634e5,0
634e5,0
634e5,0
634e5,0
634e5,0
634e5,0
634e5,0
634e5,0
635e5,1
635e5,0
635e5,0
635e5,0
635e5,0
635e5,0
635e5,0
635e5,0
635e5,0
635e5,0
636e5,1
636e5,0
636e5,0
636e5,0
636e5,0
636e5,0
636e5,0
636e5,0
636e5,0
636e5,0
637e5,1
637e5,0
637e5,0
637e5,0
637e5,0
637e5,0
637e5,0
637e5,0
637e5,0
637e5,0
638e5,1
638e5,0
638e5,0
638e5,0
638e5,0
638e5,0
638e5,0
638e5,0
638e5,0
638e5,0
639e5,1
639e5,0
639e5,0
639e5,0
639e5,0
639e5,0
639e5,0
639e5,0
639e5,0
639e5,0
64e6,1
64e6,0
64e6,0
64e6,0
64e6,0
64e6,0
64e6,0
64e6,0
64e6,0
64e6,0
641e5,1
641e5,0
641e5,0
641e5,0
641e5,0
641e5,0
641e5,0
641e5,0
641e5,0
641e5,0
642e5,1
642e5,0
642e5,0
642e5,0
642e5,0
642e5,0
642e5,0
642e5,0
642e5,0
642e5,0
643e5,1
643e5,0
643e5,0
643e5,0
643e5,0
643e5,0
643e5,0
643e5,0
643e5,0
643e5,0
644e5,1
644e5,0
644e5,0
644e5,0
644e5,0
644e5,0
644e5,0
644e5,0
644e5,0
644e5,0
645e5,1
645e5,0
645e5,0
645e5,0
645e5,0
645e5,0
645e5,0
645e5,0
645e5,0
645e5,0
646e5,1
646e5,0
646e5,0
646e5,0
646e5,0
646e5,0
646e5,0
646e5,0
646e5,0
646e5,0
647e5,1
647e5,0
647e5,0
647e5,0
647e5,0
647e5,0
647e5,0
647e5,0
647e5,0
647e5,0
648e5,1
648e5,0
648e5,0
648e5,0
648e5,0
648e5,0
648e5,0
648e5,0
648e5,0
648e5,0
649e5,1
649e5,0
649e5,0
649e5,0
649e5,0
649e5,0
649e5,0
649e5,0
649e5,0
649e5,0
65e6,1
65e6,0
65e6,0
65e6,0
65e6,0
65e6,0
65e6,0
65e6,0
65e6,0
65e6,0
651e5,1
651e5,0
651e5,0
651e5,0
651e5,0
651e5,0
651e5,0
651e5,0
651e5,0
651e5,0
652e5,1
652e5,0
652e5,0
652e5,0
652e5,0
652e5,0
652e5,0
652e5,0
652e5,0
652e5,0
653e5,1
653e5,0
653e5,0
653e5,0
653e5,0
653e5,0
653e5,0
653e5,0
653e5,0
653e5,0
654e5,1
654e5,0
654e5,0
654e5,0
654e5,0
654e5,0
654e5,0
654e5,0
654e5,0
654e5,0
655e5,1
655e5,0
655e5,0
655e5,0
655e5,0
655e5,0
655e5,0
655e5,0
655e5,0
655e5,0
656e5,1
656e5,0
656e5,0
656e5,0
656e5,0
656e5,0
656e5,0
656e5,0
656e5,0
656e5,0
657e5,1
657e5,0
657e5,0
657e5,0
657e5,0
657e5,0
657e5,0
657e5,0
657e5,0
657e5,0
658e5,1
658e5,0
658e5,0
658e5,0
658e5,0
658e5,0
658e5,0
658e5,0
658e5,0
658e5,0
659e5,1
659e5,0
659e5,0
659e5,0
659e5,0
659e5,0
659e5,0
659e5,0
659e5,0
659e5,0
66e6,1
66e6,0
66e6,0
66e6,0
66e6,0
66e6,0
66e6,0
66e6,0
66e6,0
66e6,0
661e5,1
661e5,0
661e5,0
661e5,0
661e5,0
661e5,0
661e5,0
661e5,0
661e5,0
661e5,0
662e5,1
662e5,0
662e5,0
662e5,0
662e5,0
662e5,0
662e5,0
662e5,0
662e5,0
662e5,0
663e5,1
663e5,0
663e5,0
663e5,0
663e5,0
663e5,0
663e5,0
663e5,0
663e5,0
663e5,0
664e5,1
664e5,0
664e5,0
664e5,0
664e5,0
664e5,0
664e5,0
664e5,0
664e5,0
664e5,0
665e5,1
665e5,0
665e5,0
665e5,0
665e5,0
665e5,0
665e5,0
665e5,0
665e5,0
665e5,0
666e5,1
666e5,0
666e5,0
666e5,0
666e5,0
666e5,0
666e5,0
666e5,0
666e5,0
666e5,0
667e5,1
667e5,0
667e5,0
667e5,0
667e5,0
667e5,0
667e5,0
667e5,0
667e5,0
667e5,0
668e5,1
668e5,0
668e5,0
668e5,0
668e5,0
668e5,0
668e5,0
668e5,0
668e5,0
668e5,0
669e5,1
669e5,0
669e5,0
669e5,0
669e5,0
669e5,0
669e5,0
669e5,0
669e5,0
669e5,0
67e6,1
67e6,0
67e6,0
67e6,0
67e6,0
67e6,0
67e6,0
67e6,0
67e6,0
67e6,0
671e5,1
671e5,0
671e5,0
671e5,0
671e5,0
671e5,0
671e5,0
671e5,0
671e5,0
671e5,0
672e5,1
672e5,0
672e5,0
672e5,0
672e5,0
672e5,0
672e5,0
672e5,0
672e5,0
672e5,0
673e5,1
673e5,0
673e5,0
673e5,0
673e5,0
673e5,0
673e5,0
673e5,0
673e5,0
673e5,0
674e5,1
674e5,0
674e5,0
674e5,0
674e5,0
674e5,0
674e5,0
674e5,0
674e5,0
674e5,0
675e5,1
675e5,0
675e5,0
675e5,0
675e5,0
675e5,0
675e5,0
675e5,0
675e5,0
675e5,0
676e5,1
676e5,0
676e5,0
676e5,0
676e5,0
676e5,0
676e5,0
676e5,0
676e5,0
676e5,0
677e5,1
677e5,0
677e5,0
677e5,0
677e5,0
677e5,0
677e5,0
677e5,0
677e5,0
677e5,0
678e5,1
678e5,0
678e5,0
678e5,0
678e5,0
678e5,0
678e5,0
678e5,0
678e5,0
678e5,0
679e5,1
679e5,0
679e5,0
679e5,0
679e5,0
679e5,0
679e5,0
679e5,0
679e5,0
679e5,0
68e6,1
68e6,0
68e6,0
68e6,0
68e6,0
68e6,0
68e6,0
68e6,0
68e6,0
68e6,0
681e5,1
681e5,0
681e5,0
681e5,0
681e5,0
681e5,0
681e5,0
681e5,0
681e5,0
681e5,0
682e5,1
682e5,0
682e5,0
682e5,0
682e5,0
682e5,0
682e5,0
682e5,0
682e5,0
682e5,0
683e5,1
683e5,0
683e5,0
683e5,0
683e5,0
683e5,0
683e5,0
683e5,0
683e5,0
683e5,0
684e5,1
684e5,0
684e5,0
684e5,0
684e5,0
684e5,0
684e5,0
684e5,0
684e5,0
684e5,0
685e5,1
685e5,0
685e5,0
685e5,0
685e5,0
685e5,0
685e5,0
685e5,0
685e5,0
685e5,0
686e5,1
686e5,0
686e5,0
686e5,0
686e5,0
686e5,0
686e5,0
686e5,0
686e5,0
686e5,0
687e5,1
687e5,0
687e5,0
687e5,0
687e5,0
687e5,0
687e5,0
687e5,0
687e5,0
687e5,0
688e5,1
688e5,0
688e5,0
688e5,0
688e5,0
688e5,0
688e5,0
688e5,0
688e5,0
688e5,0
689e5,1
689e5,0
689e5,0
689e5,0
689e5,0
689e5,0
689e5,0
689e5,0
689e5,0
689e5,0
69e6,1
69e6,0
69e6,0
69e6,0
69e6,0
69e6,0
69e6,0
69e6,0
69e6,0
69e6,0
691e5,1
691e5,0
691e5,0
691e5,0
691e5,0
691e5,0
691e5,0
691e5,0
691e5,0
691e5,0
692e5,1
692e5,0
692e5,0
692e5,0
692e5,0
692e5,0
692e5,0
692e5,0
692e5,0
692e5,0
693e5,1
693e5,0
693e5,0
693e5,0
693e5,0
693e5,0
693e5,0
693e5,0
693e5,0
693e5,0
694e5,1
694e5,0
694e5,0
694e5,0
694e5,0
694e5,0
694e5,0
694e5,0
694e5,0
694e5,0
695e5,1
695e5,0
695e5,0
695e5,0
695e5,0
695e5,0
695e5,0
695e5,0
695e5,0
695e5,0
696e5,1
696e5,0
696e5,0
696e5,0
696e5,0
696e5,0
696e5,0
696e5,0
696e5,0
696e5,0
697e5,1
697e5,0
697e5,0
697e5,0
697e5,0
697e5,0
697e5,0
697e5,0
697e5,0
697e5,0
698e5,1
698e5,0
698e5,0
698e5,0
698e5,0
698e5,0
698e5,0
698e5,0
698e5,0
698e5,0
699e5,1
699e5,0
699e5,0
699e5,0
699e5,0
699e5,0
699e5,0
699e5,0
699e5,0
699e5,0
7e7,1
7e7,0
7e7,0
7e7,0
7e7,0
7e7,0
7e7,0
7e7,0
7e7,0
7e7,0
701e5,1
701e5,0
701e5,0
701e5,0
701e5,0
701e5,0
701e5,0
701e5,0
701e5,0
701e5,0
702e5,1
702e5,0
702e5,0
702e5,0
702e5,0
702e5,0
702e5,0
702e5,0
702e5,0
702e5,0
703e5,1
703e5,0
703e5,0
703e5,0
703e5,0
703e5,0
703e5,0
703e5,0
703e5,0
703e5,0
704e5,1
704e5,0
704e5,0
704e5,0
704e5,0
704e5,0
704e5,0
704e5,0
704e5,0
704e5,0
705e5,1
705e5,0
705e5,0
705e5,0
705e5,0
705e5,0
705e5,0
705e5,0
705e5,0
705e5,0
706e5,1
706e5,0
706e5,0
706e5,0
706e5,0
706e5,0
706e5,0
706e5,0
706e5,0
706e5,0
707e5,1
707e5,0
707e5,0
707e5,0
707e5,0
707e5,0
707e5,0
707e5,0
707e5,0
707e5,0
708e5,1
708e5,0
708e5,0
708e5,0
708e5,0
708e5,0
708e5,0
708e5,0
708e5,0
708e5,0
709e5,1
709e5,0
709e5,0
709e5,0
709e5,0
709e5,0
709e5,0
709e5,0
709e5,0
709e5,0
71e6,1
71e6,0
71e6,0
71e6,0
71e6,0
71e6,0
71e6,0
71e6,0
71e6,0
71e6,0
711e5,1
711e5,0
711e5,0
711e5,0
711e5,0
711e5,0
711e5,0
711e5,0
711e5,0
711e5,0
712e5,1
712e5,0
712e5,0
712e5,0
712e5,0
712e5,0
712e5,0
712e5,0
712e5,0
712e5,0
713e5,1
713e5,0
713e5,0
713e5,0
713e5,0
713e5,0
713e5,0
713e5,0
713e5,0
713e5,0
714e5,1
714e5,0
714e5,0
714e5,0
714e5,0
714e5,0
714e5,0
714e5,0
714e5,0
714e5,0
715e5,1
715e5,0
715e5,0
715e5,0
715e5,0
715e5,0
715e5,0
715e5,0
715e5,0
715e5,0
716e5,1
716e5,0
716e5,0
716e5,0
716e5,0
716e5,0
716e5,0
716e5,0
716e5,0
716e5,0
717e5,1
717e5,0
717e5,0
717e5,0
717e5,0
717e5,0
717e5,0
717e5,0
717e5,0
717e5,0
718e5,1
718e5,0
718e5,0
718e5,0
718e5,0
718e5,0
718e5,0
718e5,0
718e5,0
718e5,0
719e5,1
719e5,0
719e5,0
719e5,0
719e5,0
719e5,0
719e5,0
719e5,0
719e5,0
719e5,0
72e6,1
72e6,0
72e6,0
72e6,0
72e6,0
72e6,0
72e6,0
72e6,0
72e6,0
72e6,0
721e5,1
721e5,0
721e5,0
721e5,0
721e5,0
721e5,0
721e5,0
721e5,0
721e5,0
721e5,0
722e5,1
722e5,0
722e5,0
722e5,0
722e5,0
722e5,0
722e5,0
722e5,0
722e5,0
722e5,0
723e5,1
723e5,0
723e5,0
723e5,0
723e5,0
723e5,0
723e5,0
723e5,0
723e5,0
723e5,0
724e5,1
724e5,0
724e5,0
724e5,0
724e5,0
724e5,0
724e5,0
724e5,0
724e5,0
724e5,0
725e5,1
725e5,0
725e5,0
725e5,0
725e5,0
725e5,0
725e5,0
725e5,0
725e5,0
725e5,0
726e5,1
726e5,0
726e5,0
726e5,0
726e5,0
726e5,0
726e5,0
726e5,0
726e5,0
726e5,0
727e5,1
727e5,0
727e5,0
727e5,0
727e5,0
727e5,0
727e5,0
727e5,0
727e5,0
727e5,0
728e5,1
728e5,0
728e5,0
728e5,0
728e5,0
728e5,0
728e5,0
728e5,0
728e5,0
728e5,0
729e5,1
729e5,0
729e5,0
729e5,0
729e5,0
729e5,0
729e5,0
729e5,0
729e5,0
729e5,0
73e6,1
73e6,0
73e6,0
73e6,0
73e6,0
73e6,0
73e6,0
73e6,0
73e6,0
73e6,0
731e5,1
731e5,0
731e5,0
731e5,0
731e5,0
731e5,0
731e5,0
731e5,0
731e5,0
731e5,0
732e5,1
732e5,0
732e5,0
732e5,0
732e5,0
732e5,0
732e5,0
732e5,0
732e5,0
732e5,0
733e5,1
733e5,0
733e5,0
733e5,0
733e5,0
733e5,0
733e5,0
733e5,0
733e5,0
733e5,0
734e5,1
734e5,0
734e5,0
734e5,0
734e5,0
734e5,0
734e5,0
734e5,0
734e5,0
734e5,0
735e5,1
735e5,0
735e5,0
735e5,0
735e5,0
735e5,0
735e5,0
735e5,0
735e5,0
735e5,0
736e5,1
736e5,0
736e5,0
736e5,0
736e5,0
736e5,0
736e5,0
736e5,0
736e5,0
736e5,0
737e5,1
737e5,0
737e5,0
737e5,0
737e5,0
737e5,0
737e5,0
737e5,0
737e5,0
737e5,0
738e5,1
738e5,0
738e5,0
738e5,0
738e5,0
738e5,0
738e5,0
738e5,0
738e5,0
738e5,0
739e5,1
739e5,0
739e5,0
739e5,0
739e5,0
739e5,0
739e5,0
739e5,0
739e5,0
739e5,0
74e6,1
74e6,0
74e6,0
74e6,0
74e6,0
74e6,0
74e6,0
74e6,0
74e6,0
74e6,0
741e5,1
741e5,0
741e5,0
741e5,0
741e5,0
741e5,0
741e5,0
741e5,0
741e5,0
741e5,0
742e5,1
742e5,0
742e5,0
742e5,0
742e5,0
742e5,0
742e5,0
742e5,0
742e5,0
742e5,0
743e5,1
743e5,0
743e5,0
743e5,0
743e5,0
743e5,0
743e5,0
743e5,0
743e5,0
743e5,0
744e5,1
744e5,0
744e5,0
744e5,0
744e5,0
744e5,0
744e5,0
744e5,0
744e5,0
744e5,0
745e5,1
745e5,0
745e5,0
745e5,0
745e5,0
745e5,0
745e5,0
745e5,0
745e5,0
745e5,0
746e5,1
746e5,0
746e5,0
746e5,0
746e5,0
746e5,0
746e5,0
746e5,0
746e5,0
746e5,0
747e5,1
747e5,0
747e5,0
747e5,0
747e5,0
747e5,0
747e5,0
747e5,0
747e5,0
747e5,0
748e5,1
748e5,0
748e5,0
748e5,0
748e5,0
748e5,0
748e5,0
748e5,0
748e5,0
748e5,0
749e5,1
749e5,0
749e5,0
749e5,0
749e5,0
749e5,0
749e5,0
749e5,0
749e5,0
749e5,0
75e6,1
75e6,0
75e6,0
75e6,0
75e6,0
75e6,0
75e6,0
75e6,0
75e6,0
75e6,0
751e5,1
751e5,0
751e5,0
751e5,0
751e5,0
751e5,0
751e5,0
751e5,0
751e5,0
751e5,0
752e5,1
752e5,0
752e5,0
752e5,0
752e5,0
752e5,0
752e5,0
752e5,0
752e5,0
752e5,0
753e5,1
753e5,0
753e5,0
753e5,0
753e5,0
753e5,0
753e5,0
753e5,0
753e5,0
753e5,0
754e5,1
754e5,0
754e5,0
754e5,0
754e5,0
754e5,0
754e5,0
754e5,0
754e5,0
754e5,0
755e5,1
755e5,0
755e5,0
755e5,0
755e5,0
755e5,0
755e5,0
755e5,0
755e5,0
755e5,0
756e5,1
756e5,0
756e5,0
756e5,0
756e5,0
756e5,0
756e5,0
756e5,0
756e5,0
756e5,0
757e5,1
757e5,0
757e5,0
757e5,0
757e5,0
757e5,0
757e5,0
757e5,0
757e5,0
757e5,0
758e5,1
758e5,0
758e5,0
758e5,0
758e5,0
758e5,0
758e5,0
758e5,0
758e5,0
758e5,0
759e5,1
759e5,0
759e5,0
759e5,0
759e5,0
759e5,0
759e5,0
759e5,0
759e5,0
759e5,0
76e6,1
76e6,0
76e6,0
76e6,0
76e6,0
76e6,0
76e6,0
76e6,0
76e6,0
76e6,0
761e5,1
761e5,0
761e5,0
761e5,0
761e5,0
761e5,0
761e5,0
761e5,0
761e5,0
761e5,0
762e5,1
762e5,0
762e5,0
762e5,0
762e5,0
762e5,0
762e5,0
762e5,0
762e5,0
762e5,0
763e5,1
763e5,0
763e5,0
763e5,0
763e5,0
763e5,0
763e5,0
763e5,0
763e5,0
763e5,0
764e5,1
764e5,0
764e5,0
764e5,0
764e5,0
764e5,0
764e5,0
764e5,0
764e5,0
764e5,0
765e5,1
765e5,0
765e5,0
765e5,0
765e5,0
765e5,0
765e5,0
765e5,0
765e5,0
765e5,0
766e5,1
766e5,0
766e5,0
766e5,0
766e5,0
766e5,0
766e5,0
766e5,0
766e5,0
766e5,0
767e5,1
767e5,0
767e5,0
767e5,0
767e5,0
767e5,0
767e5,0
767e5,0
767e5,0
767e5,0
768e5,1
768e5,0
768e5,0
768e5,0
768e5,0
768e5,0
768e5,0
768e5,0
768e5,0
768e5,0
769e5,1
769e5,0
769e5,0
769e5,0
769e5,0
769e5,0
769e5,0
769e5,0
769e5,0
769e5,0
77e6,1
77e6,0
77e6,0
77e6,0
77e6,0
77e6,0
77e6,0
77e6,0
77e6,0
77e6,0
771e5,1
771e5,0
771e5,0
771e5,0
771e5,0
771e5,0
771e5,0
771e5,0
771e5,0
771e5,0
772e5,1
772e5,0
772e5,0
772e5,0
772e5,0
772e5,0
772e5,0
772e5,0
772e5,0
772e5,0
773e5,1
773e5,0
773e5,0
773e5,0
773e5,0
773e5,0
773e5,0
773e5,0
773e5,0
773e5,0
774e5,1
774e5,0
774e5,0
774e5,0
774e5,0
774e5,0
774e5,0
774e5,0
774e5,0
774e5,0
775e5,1
775e5,0
775e5,0
775e5,0
775e5,0
775e5,0
775e5,0
775e5,0
775e5,0
775e5,0
776e5,1
776e5,0
776e5,0
776e5,0
776e5,0
776e5,0
776e5,0
776e5,0
776e5,0
776e5,0
777e5,1
777e5,0
777e5,0
777e5,0
777e5,0
777e5,0
777e5,0
777e5,0
777e5,0
777e5,0
778e5,1
778e5,0
778e5,0
778e5,0
778e5,0
778e5,0
778e5,0
778e5,0
778e5,0
778e5,0
779e5,1
779e5,0
779e5,0
779e5,0
779e5,0
779e5,0
779e5,0
779e5,0
779e5,0
779e5,0
78e6,1
78e6,0
78e6,0
78e6,0
78e6,0
78e6,0
78e6,0
78e6,0
78e6,0
78e6,0
781e5,1
781e5,0
781e5,0
781e5,0
781e5,0
781e5,0
781e5,0
781e5,0
781e5,0
781e5,0
782e5,1
782e5,0
782e5,0
782e5,0
782e5,0
782e5,0
782e5,0
782e5,0
782e5,0
782e5,0
783e5,1
783e5,0
783e5,0
783e5,0
783e5,0
783e5,0
783e5,0
783e5,0
783e5,0
783e5,0
784e5,1
784e5,0
784e5,0
784e5,0
784e5,0
784e5,0
784e5,0
784e5,0
784e5,0
784e5,0
785e5,1
785e5,0
785e5,0
785e5,0
785e5,0
785e5,0
785e5,0
785e5,0
785e5,0
785e5,0
786e5,1
786e5,0
786e5,0
786e5,0
786e5,0
786e5,0
786e5,0
786e5,0
786e5,0
786e5,0
787e5,1
787e5,0
787e5,0
787e5,0
787e5,0
787e5,0
787e5,0
787e5,0
787e5,0
787e5,0
788e5,1
788e5,0
788e5,0
788e5,0
788e5,0
788e5,0
788e5,0
788e5,0
788e5,0
788e5,0
789e5,1
789e5,0
789e5,0
789e5,0
789e5,0
789e5,0
789e5,0
789e5,0
789e5,0
789e5,0
79e6,1
79e6,0
79e6,0
79e6,0
79e6,0
79e6,0
79e6,0
79e6,0
79e6,0
79e6,0
791e5,1
791e5,0
791e5,0
791e5,0
791e5,0
791e5,0
791e5,0
791e5,0
791e5,0
791e5,0
792e5,1
792e5,0
792e5,0
792e5,0
792e5,0
792e5,0
792e5,0
792e5,0
792e5,0
792e5,0
793e5,1
793e5,0
793e5,0
793e5,0
793e5,0
793e5,0
793e5,0
793e5,0
793e5,0
793e5,0
794e5,1
794e5,0
794e5,0
794e5,0
794e5,0
794e5,0
794e5,0
794e5,0
794e5,0
794e5,0
795e5,1
795e5,0
795e5,0
795e5,0
795e5,0
795e5,0
795e5,0
795e5,0
795e5,0
795e5,0
796e5,1
796e5,0
796e5,0
796e5,0
796e5,0
796e5,0
796e5,0
796e5,0
796e5,0
796e5,0
797e5,1
797e5,0
797e5,0
797e5,0
797e5,0
797e5,0
797e5,0
797e5,0
797e5,0
797e5,0
798e5,1
798e5,0
798e5,0
798e5,0
798e5,0
798e5,0
798e5,0
798e5,0
798e5,0
798e5,0
799e5,1
799e5,0
799e5,0
799e5,0
799e5,0
799e5,0
799e5,0
799e5,0
799e5,0
799e5,0
8e7,1
8e7,0
8e7,0
8e7,0
8e7,0
8e7,0
8e7,0
8e7,0
8e7,0
8e7,0
801e5,1
801e5,0
801e5,0
801e5,0
801e5,0
801e5,0
801e5,0
801e5,0
801e5,0
801e5,0
802e5,1
802e5,0
802e5,0
802e5,0
802e5,0
802e5,0
802e5,0
802e5,0
802e5,0
802e5,0
803e5,1
803e5,0
803e5,0
803e5,0
803e5,0
803e5,0
803e5,0
803e5,0
803e5,0
803e5,0
804e5,1
804e5,0
804e5,0
804e5,0
804e5,0
804e5,0
804e5,0
804e5,0
804e5,0
804e5,0
805e5,1
805e5,0
805e5,0
805e5,0
805e5,0
805e5,0
805e5,0
805e5,0
805e5,0
805e5,0
806e5,1
806e5,0
806e5,0
806e5,0
806e5,0
806e5,0
806e5,0
806e5,0
806e5,0
806e5,0
807e5,1
807e5,0
807e5,0
807e5,0
807e5,0
807e5,0
807e5,0
807e5,0
807e5,0
807e5,0
808e5,1
808e5,0
808e5,0
808e5,0
808e5,0
808e5,0
808e5,0
808e5,0
808e5,0
808e5,0
809e5,1
809e5,0
809e5,0
809e5,0
809e5,0
809e5,0
809e5,0
809e5,0
809e5,0
809e5,0
81e6,1
81e6,0
81e6,0
81e6,0
81e6,0
81e6,0
81e6,0
81e6,0
81e6,0
81e6,0
811e5,1
811e5,0
811e5,0
811e5,0
811e5,0
811e5,0
811e5,0
811e5,0
811e5,0
811e5,0
812e5,1
812e5,0
812e5,0
812e5,0
812e5,0
812e5,0
812e5,0
812e5,0
812e5,0
812e5,0
813e5,1
813e5,0
813e5,0
813e5,0
813e5,0
813e5,0
813e5,0
813e5,0
813e5,0
813e5,0
814e5,1
814e5,0
814e5,0
814e5,0
814e5,0
814e5,0
814e5,0
814e5,0
814e5,0
814e5,0
815e5,1
815e5,0
815e5,0
815e5,0
815e5,0
815e5,0
815e5,0
815e5,0
815e5,0
815e5,0
816e5,1
816e5,0
816e5,0
816e5,0
816e5,0
816e5,0
816e5,0
816e5,0
816e5,0
816e5,0
817e5,1
817e5,0
817e5,0
817e5,0
817e5,0
817e5,0
817e5,0
817e5,0
817e5,0
817e5,0
818e5,1
818e5,0
818e5,0
818e5,0
818e5,0
818e5,0
818e5,0
818e5,0
818e5,0
818e5,0
819e5,1
819e5,0
819e5,0
819e5,0
819e5,0
819e5,0
819e5,0
819e5,0
819e5,0
819e5,0
82e6,1
82e6,0
82e6,0
82e6,0
82e6,0
82e6,0
82e6,0
82e6,0
82e6,0
82e6,0
821e5,1
821e5,0
821e5,0
821e5,0
821e5,0
821e5,0
821e5,0
821e5,0
821e5,0
821e5,0
822e5,1
822e5,0
822e5,0
822e5,0
822e5,0
822e5,0
822e5,0
822e5,0
822e5,0
822e5,0
823e5,1
823e5,0
823e5,0
823e5,0
823e5,0
823e5,0
823e5,0
823e5,0
823e5,0
823e5,0
824e5,1
824e5,0
824e5,0
824e5,0
824e5,0
824e5,0
824e5,0
824e5,0
824e5,0
824e5,0
825e5,1
825e5,0
825e5,0
825e5,0
825e5,0
825e5,0
825e5,0
825e5,0
825e5,0
825e5,0
826e5,1
826e5,0
826e5,0
826e5,0
826e5,0
826e5,0
826e5,0
826e5,0
826e5,0
826e5,0
827e5,1
827e5,0
827e5,0
827e5,0
827e5,0
827e5,0
827e5,0
827e5,0
827e5,0
827e5,0
828e5,1
828e5,0
828e5,0
828e5,0
828e5,0
828e5,0
828e5,0
828e5,0
828e5,0
828e5,0
829e5,1
829e5,0
829e5,0
829e5,0
829e5,0
829e5,0
829e5,0
829e5,0
829e5,0
829e5,0
83e6,1
83e6,0
83e6,0
83e6,0
83e6,0
83e6,0
83e6,0
83e6,0
83e6,0
83e6,0
831e5,1
831e5,0
831e5,0
831e5,0
831e5,0
831e5,0
831e5,0
831e5,0
831e5,0
831e5,0
832e5,1
832e5,0
832e5,0
832e5,0
832e5,0
832e5,0
832e5,0
832e5,0
832e5,0
832e5,0
833e5,1
833e5,0
833e5,0
833e5,0
833e5,0
833e5,0
833e5,0
833e5,0
833e5,0
833e5,0
834e5,1
834e5,0
834e5,0
834e5,0
834e5,0
834e5,0
834e5,0
834e5,0
834e5,0
834e5,0
835e5,1
835e5,0
835e5,0
835e5,0
835e5,0
835e5,0
835e5,0
835e5,0
835e5,0
835e5,0
836e5,1
836e5,0
836e5,0
836e5,0
836e5,0
836e5,0
836e5,0
836e5,0
836e5,0
836e5,0
837e5,1
837e5,0
837e5,0
837e5,0
837e5,0
837e5,0
837e5,0
837e5,0
837e5,0
837e5,0
838e5,1
838e5,0
838e5,0
838e5,0
838e5,0
838e5,0
838e5,0
838e5,0
838e5,0
838e5,0
839e5,1
839e5,0
839e5,0
839e5,0
839e5,0
839e5,0
839e5,0
839e5,0
839e5,0
839e5,0
84e6,1
84e6,0
84e6,0
84e6,0
84e6,0
84e6,0
84e6,0
84e6,0
84e6,0
84e6,0
841e5,1
841e5,0
841e5,0
841e5,0
841e5,0
841e5,0
841e5,0
841e5,0
841e5,0
841e5,0
842e5,1
842e5,0
842e5,0
842e5,0
842e5,0
842e5,0
842e5,0
842e5,0
842e5,0
842e5,0
843e5,1
843e5,0
843e5,0
843e5,0
843e5,0
843e5,0
843e5,0
843e5,0
843e5,0
843e5,0
844e5,1
844e5,0
844e5,0
844e5,0
844e5,0
844e5,0
844e5,0
844e5,0
844e5,0
844e5,0
845e5,1
845e5,0
845e5,0
845e5,0
845e5,0
845e5,0
845e5,0
845e5,0
845e5,0
845e5,0
846e5,1
846e5,0
846e5,0
846e5,0
846e5,0
846e5,0
846e5,0
846e5,0
846e5,0
846e5,0
847e5,1
847e5,0
847e5,0
847e5,0
847e5,0
847e5,0
847e5,0
847e5,0
847e5,0
847e5,0
848e5,1
848e5,0
848e5,0
848e5,0
848e5,0
848e5,0
848e5,0
848e5,0
848e5,0
848e5,0
849e5,1
849e5,0
849e5,0
849e5,0
849e5,0
849e5,0
849e5,0
849e5,0
849e5,0
849e5,0
85e6,1
85e6,0
85e6,0
85e6,0
85e6,0
85e6,0
85e6,0
85e6,0
85e6,0
85e6,0
851e5,1
851e5,0
851e5,0
851e5,0
851e5,0
851e5,0
851e5,0
851e5,0
851e5,0
851e5,0
852e5,1
852e5,0
852e5,0
852e5,0
852e5,0
852e5,0
852e5,0
852e5,0
852e5,0
852e5,0
853e5,1
853e5,0
853e5,0
853e5,0
853e5,0
853e5,0
853e5,0
853e5,0
853e5,0
853e5,0
854e5,1
854e5,0
854e5,0
854e5,0
854e5,0
854e5,0
854e5,0
854e5,0
854e5,0
854e5,0
855e5,1
855e5,0
855e5,0
855e5,0
855e5,0
855e5,0
855e5,0
855e5,0
855e5,0
855e5,0
856e5,1
856e5,0
856e5,0
856e5,0
856e5,0
856e5,0
856e5,0
856e5,0
856e5,0
856e5,0
857e5,1
857e5,0
857e5,0
857e5,0
857e5,0
857e5,0
857e5,0
857e5,0
857e5,0
857e5,0
858e5,1
858e5,0
858e5,0
858e5,0
858e5,0
858e5,0
858e5,0
858e5,0
858e5,0
858e5,0
859e5,1
859e5,0
859e5,0
859e5,0
859e5,0
859e5,0
859e5,0
859e5,0
859e5,0
859e5,0
86e6,1
86e6,0
86e6,0
86e6,0
86e6,0
86e6,0
86e6,0
86e6,0
86e6,0
86e6,0
861e5,1
861e5,0
861e5,0
861e5,0
861e5,0
861e5,0
861e5,0
861e5,0
861e5,0
861e5,0
862e5,1
862e5,0
862e5,0
862e5,0
862e5,0
862e5,0
862e5,0
862e5,0
862e5,0
862e5,0
863e5,1
863e5,0
863e5,0
863e5,0
863e5,0
863e5,0
863e5,0
863e5,0
863e5,0
863e5,0
864e5,1
864e5,0
864e5,0
864e5,0
864e5,0
864e5,0
864e5,0
864e5,0
864e5,0
864e5,0
865e5,1
865e5,0
865e5,0
865e5,0
865e5,0
865e5,0
865e5,0
865e5,0
865e5,0
865e5,0
866e5,1
866e5,0
866e5,0
866e5,0
866e5,0
866e5,0
866e5,0
866e5,0
866e5,0
866e5,0
867e5,1
867e5,0
867e5,0
867e5,0
867e5,0
867e5,0
867e5,0
867e5,0
867e5,0
867e5,0
868e5,1
868e5,0
868e5,0
868e5,0
868e5,0
868e5,0
868e5,0
868e5,0
868e5,0
868e5,0
869e5,1
869e5,0
869e5,0
869e5,0
869e5,0
869e5,0
869e5,0
869e5,0
869e5,0
869e5,0
87e6,1
87e6,0
87e6,0
87e6,0
87e6,0
87e6,0
87e6,0
87e6,0
87e6,0
87e6,0
871e5,1
871e5,0
871e5,0
871e5,0
871e5,0
871e5,0
871e5,0
871e5,0
871e5,0
871e5,0
872e5,1
872e5,0
872e5,0
872e5,0
872e5,0
872e5,0
872e5,0
872e5,0
872e5,0
872e5,0
873e5,1
873e5,0
873e5,0
873e5,0
873e5,0
873e5,0
873e5,0
873e5,0
873e5,0
873e5,0
874e5,1
874e5,0
874e5,0
874e5,0
874e5,0
874e5,0
874e5,0
874e5,0
874e5,0
874e5,0
875e5,1
875e5,0
875e5,0
875e5,0
875e5,0
875e5,0
875e5,0
875e5,0
875e5,0
875e5,0
876e5,1
876e5,0
876e5,0
876e5,0
876e5,0
876e5,0
876e5,0
876e5,0
876e5,0
876e5,0
877e5,1
877e5,0
877e5,0
877e5,0
877e5,0
877e5,0
877e5,0
877e5,0
877e5,0
877e5,0
878e5,1
878e5,0
878e5,0
878e5,0
878e5,0
878e5,0
878e5,0
878e5,0
878e5,0
878e5,0
879e5,1
879e5,0
879e5,0
879e5,0
879e5,0
879e5,0
879e5,0
879e5,0
879e5,0
879e5,0
88e6,1
88e6,0
88e6,0
88e6,0
88e6,0
88e6,0
88e6,0
88e6,0
88e6,0
88e6,0
881e5,1
881e5,0
881e5,0
881e5,0
881e5,0
881e5,0
881e5,0
881e5,0
881e5,0
881e5,0
882e5,1
882e5,0
882e5,0
882e5,0
882e5,0
882e5,0
882e5,0
882e5,0
882e5,0
882e5,0
883e5,1
883e5,0
883e5,0
883e5,0
883e5,0
883e5,0
883e5,0
883e5,0
883e5,0
883e5,0
884e5,1
884e5,0
884e5,0
884e5,0
884e5,0
884e5,0
884e5,0
884e5,0
884e5,0
884e5,0
885e5,1
885e5,0
885e5,0
885e5,0
885e5,0
885e5,0
885e5,0
885e5,0
885e5,0
885e5,0
886e5,1
886e5,0
886e5,0
886e5,0
886e5,0
886e5,0
886e5,0
886e5,0
886e5,0
886e5,0
887e5,1
887e5,0
887e5,0
887e5,0
887e5,0
887e5,0
887e5,0
887e5,0
887e5,0
887e5,0
888e5,1
888e5,0
888e5,0
888e5,0
888e5,0
888e5,0
888e5,0
888e5,0
888e5,0
888e5,0
889e5,1
889e5,0
889e5,0
889e5,0
889e5,0
889e5,0
889e5,0
889e5,0
889e5,0
889e5,0
89e6,1
89e6,0
89e6,0
89e6,0
89e6,0
89e6,0
89e6,0
89e6,0
89e6,0
89e6,0
891e5,1
891e5,0
891e5,0
891e5,0
891e5,0
891e5,0
891e5,0
891e5,0
891e5,0
891e5,0
892e5,1
892e5,0
892e5,0
892e5,0
892e5,0
892e5,0
892e5,0
892e5,0
892e5,0
892e5,0
893e5,1
893e5,0
893e5,0
893e5,0
893e5,0
893e5,0
893e5,0
893e5,0
893e5,0
893e5,0
894e5,1
894e5,0
894e5,0
894e5,0
894e5,0
894e5,0
894e5,0
894e5,0
894e5,0
894e5,0
895e5,1
895e5,0
895e5,0
895e5,0
895e5,0
895e5,0
895e5,0
895e5,0
895e5,0
895e5,0
896e5,1
896e5,0
896e5,0
896e5,0
896e5,0
896e5,0
896e5,0
896e5,0
896e5,0
896e5,0
897e5,1
897e5,0
897e5,0
897e5,0
897e5,0
897e5,0
897e5,0
897e5,0
897e5,0
897e5,0
898e5,1
898e5,0
898e5,0
898e5,0
898e5,0
898e5,0
898e5,0
898e5,0
898e5,0
898e5,0
899e5,1
899e5,0
899e5,0
899e5,0
899e5,0
899e5,0
899e5,0
899e5,0
899e5,0
899e5,0
9e7,1
9e7,0
9e7,0
9e7,0
9e7,0
9e7,0
9e7,0
9e7,0
9e7,0
9e7,0
901e5,1
901e5,0
901e5,0
901e5,0
901e5,0
901e5,0
901e5,0
901e5,0
901e5,0
901e5,0
902e5,1
902e5,0
902e5,0
902e5,0
902e5,0
902e5,0
902e5,0
902e5,0
902e5,0
902e5,0
903e5,1
903e5,0
903e5,0
903e5,0
903e5,0
903e5,0
903e5,0
903e5,0
903e5,0
903e5,0
904e5,1
904e5,0
904e5,0
904e5,0
904e5,0
904e5,0
904e5,0
904e5,0
904e5,0
904e5,0
905e5,1
905e5,0
905e5,0
905e5,0
905e5,0
905e5,0
905e5,0
905e5,0
905e5,0
905e5,0
906e5,1
906e5,0
906e5,0
906e5,0
906e5,0
906e5,0
906e5,0
906e5,0
906e5,0
906e5,0
907e5,1
907e5,0
907e5,0
907e5,0
907e5,0
907e5,0
907e5,0
907e5,0
907e5,0
907e5,0
908e5,1
908e5,0
908e5,0
908e5,0
908e5,0
908e5,0
908e5,0
908e5,0
908e5,0
908e5,0
909e5,1
909e5,0
909e5,0
909e5,0
909e5,0
909e5,0
909e5,0
909e5,0
909e5,0
909e5,0
91e6,1
91e6,0
91e6,0
91e6,0
91e6,0
91e6,0
91e6,0
91e6,0
91e6,0
91e6,0
911e5,1
911e5,0
911e5,0
911e5,0
911e5,0
911e5,0
911e5,0
911e5,0
911e5,0
911e5,0
912e5,1
912e5,0
912e5,0
912e5,0
912e5,0
912e5,0
912e5,0
912e5,0
912e5,0
912e5,0
913e5,1
913e5,0
913e5,0
913e5,0
913e5,0
913e5,0
913e5,0
913e5,0
913e5,0
913e5,0
914e5,1
914e5,0
914e5,0
914e5,0
914e5,0
914e5,0
914e5,0
914e5,0
914e5,0
914e5,0
915e5,1
915e5,0
915e5,0
915e5,0
915e5,0
915e5,0
915e5,0
915e5,0
915e5,0
915e5,0
916e5,1
916e5,0
916e5,0
916e5,0
916e5,0
916e5,0
916e5,0
916e5,0
916e5,0
916e5,0
917e5,1
917e5,0
917e5,0
917e5,0
917e5,0
917e5,0
917e5,0
917e5,0
917e5,0
917e5,0
918e5,1
918e5,0
918e5,0
918e5,0
918e5,0
918e5,0
918e5,0
918e5,0
918e5,0
918e5,0
919e5,1
919e5,0
919e5,0
919e5,0
919e5,0
919e5,0
919e5,0
919e5,0
919e5,0
919e5,0
92e6,1
92e6,0
92e6,0
92e6,0
92e6,0
92e6,0
92e6,0
92e6,0
92e6,0
92e6,0
921e5,1
921e5,0
921e5,0
921e5,0
921e5,0
921e5,0
921e5,0
921e5,0
921e5,0
921e5,0
922e5,1
922e5,0
922e5,0
922e5,0
922e5,0
922e5,0
922e5,0
922e5,0
922e5,0
922e5,0
923e5,1
923e5,0
923e5,0
923e5,0
923e5,0
923e5,0
923e5,0
923e5,0
923e5,0
923e5,0
924e5,1
924e5,0
924e5,0
924e5,0
924e5,0
924e5,0
924e5,0
924e5,0
924e5,0
924e5,0
925e5,1
925e5,0
925e5,0
925e5,0
925e5,0
925e5,0
925e5,0
925e5,0
925e5,0
925e5,0
926e5,1
926e5,0
926e5,0
926e5,0
926e5,0
926e5,0
926e5,0
926e5,0
926e5,0
926e5,0
927e5,1
927e5,0
927e5,0
927e5,0
927e5,0
927e5,0
927e5,0
927e5,0
927e5,0
927e5,0
928e5,1
928e5,0
928e5,0
928e5,0
928e5,0
928e5,0
928e5,0
928e5,0
928e5,0
928e5,0
929e5,1
929e5,0
929e5,0
929e5,0
929e5,0
929e5,0
929e5,0
929e5,0
929e5,0
929e5,0
93e6,1
93e6,0
93e6,0
93e6,0
93e6,0
93e6,0
93e6,0
93e6,0
93e6,0
93e6,0
931e5,1
931e5,0
931e5,0
931e5,0
931e5,0
931e5,0
931e5,0
931e5,0
931e5,0
931e5,0
932e5,1
932e5,0
932e5,0
932e5,0
932e5,0
932e5,0
932e5,0
932e5,0
932e5,0
932e5,0
933e5,1
933e5,0
933e5,0
933e5,0
933e5,0
933e5,0
933e5,0
933e5,0
933e5,0
933e5,0
934e5,1
934e5,0
934e5,0
934e5,0
934e5,0
934e5,0
934e5,0
934e5,0
934e5,0
934e5,0
935e5,1
935e5,0
935e5,0
935e5,0
935e5,0
935e5,0
935e5,0
935e5,0
935e5,0
935e5,0
936e5,1
936e5,0
936e5,0
936e5,0
936e5,0
936e5,0
936e5,0
936e5,0
936e5,0
936e5,0
937e5,1
937e5,0
937e5,0
937e5,0
937e5,0
937e5,0
937e5,0
937e5,0
937e5,0
937e5,0
938e5,1
938e5,0
938e5,0
938e5,0
938e5,0
938e5,0
938e5,0
938e5,0
938e5,0
938e5,0
939e5,1
939e5,0
939e5,0
939e5,0
939e5,0
939e5,0
939e5,0
939e5,0
939e5,0
939e5,0
94e6,1
94e6,0
94e6,0
94e6,0
94e6,0
94e6,0
94e6,0
94e6,0
94e6,0
94e6,0
941e5,1
941e5,0
941e5,0
941e5,0
941e5,0
941e5,0
941e5,0
941e5,0
941e5,0
941e5,0
942e5,1
942e5,0
942e5,0
942e5,0
942e5,0
942e5,0
942e5,0
942e5,0
942e5,0
942e5,0
943e5,1
943e5,0
943e5,0
943e5,0
943e5,0
943e5,0
943e5,0
943e5,0
943e5,0
943e5,0
944e5,1
944e5,0
944e5,0
944e5,0
944e5,0
944e5,0
944e5,0
944e5,0
944e5,0
944e5,0
945e5,1
945e5,0
945e5,0
945e5,0
945e5,0
945e5,0
945e5,0
945e5,0
945e5,0
945e5,0
946e5,1
946e5,0
946e5,0
946e5,0
946e5,0
946e5,0
946e5,0
946e5,0
946e5,0
946e5,0
947e5,1
947e5,0
947e5,0
947e5,0
947e5,0
947e5,0
947e5,0
947e5,0
947e5,0
947e5,0
948e5,1
948e5,0
948e5,0
948e5,0
948e5,0
948e5,0
948e5,0
948e5,0
948e5,0
948e5,0
949e5,1
949e5,0
949e5,0
949e5,0
949e5,0
949e5,0
949e5,0
949e5,0
949e5,0
949e5,0
95e6,1
95e6,0
95e6,0
95e6,0
95e6,0
95e6,0
95e6,0
95e6,0
95e6,0
95e6,0
951e5,1
951e5,0
951e5,0
951e5,0
951e5,0
951e5,0
951e5,0
951e5,0
951e5,0
951e5,0
952e5,1
952e5,0
952e5,0
952e5,0
952e5,0
952e5,0
952e5,0
952e5,0
952e5,0
952e5,0
953e5,1
953e5,0
953e5,0
953e5,0
953e5,0
953e5,0
953e5,0
953e5,0
953e5,0
953e5,0
954e5,1
954e5,0
954e5,0
954e5,0
954e5,0
954e5,0
954e5,0
954e5,0
954e5,0
954e5,0
955e5,1
955e5,0
955e5,0
955e5,0
955e5,0
955e5,0
955e5,0
955e5,0
955e5,0
955e5,0
956e5,1
956e5,0
956e5,0
956e5,0
956e5,0
956e5,0
956e5,0
956e5,0
956e5,0
956e5,0
957e5,1
957e5,0
957e5,0
957e5,0
957e5,0
957e5,0
957e5,0
957e5,0
957e5,0
957e5,0
958e5,1
958e5,0
958e5,0
958e5,0
958e5,0
958e5,0
958e5,0
958e5,0
958e5,0
958e5,0
959e5,1
959e5,0
959e5,0
959e5,0
959e5,0
959e5,0
959e5,0
959e5,0
959e5,0
959e5,0
96e6,1
96e6,0
96e6,0
96e6,0
96e6,0
96e6,0
96e6,0
96e6,0
96e6,0
96e6,0
961e5,1
961e5,0
961e5,0
961e5,0
961e5,0
961e5,0
961e5,0
961e5,0
961e5,0
961e5,0
962e5,1
962e5,0
962e5,0
962e5,0
962e5,0
962e5,0
962e5,0
962e5,0
962e5,0
962e5,0
963e5,1
963e5,0
963e5,0
963e5,0
963e5,0
963e5,0
963e5,0
963e5,0
963e5,0
963e5,0
964e5,1
964e5,0
964e5,0
964e5,0
964e5,0
964e5,0
964e5,0
964e5,0
964e5,0
964e5,0
965e5,1
965e5,0
965e5,0
965e5,0
965e5,0
965e5,0
965e5,0
965e5,0
965e5,0
965e5,0
966e5,1
966e5,0
966e5,0
966e5,0
966e5,0
966e5,0
966e5,0
966e5,0
966e5,0
966e5,0
967e5,1
967e5,0
967e5,0
967e5,0
967e5,0
967e5,0
967e5,0
967e5,0
967e5,0
967e5,0
968e5,1
968e5,0
968e5,0
968e5,0
968e5,0
968e5,0
968e5,0
968e5,0
968e5,0
968e5,0
969e5,1
969e5,0
969e5,0
969e5,0
969e5,0
969e5,0
969e5,0
969e5,0
969e5,0
969e5,0
97e6,1
97e6,0
97e6,0
97e6,0
97e6,0
97e6,0
97e6,0
97e6,0
97e6,0
97e6,0
971e5,1
971e5,0
971e5,0
971e5,0
971e5,0
971e5,0
971e5,0
971e5,0
971e5,0
971e5,0
972e5,1
972e5,0
972e5,0
972e5,0
972e5,0
972e5,0
972e5,0
972e5,0
972e5,0
972e5,0
973e5,1
973e5,0
973e5,0
973e5,0
973e5,0
973e5,0
973e5,0
973e5,0
973e5,0
973e5,0
974e5,1
974e5,0
974e5,0
974e5,0
974e5,0
974e5,0
974e5,0
974e5,0
974e5,0
974e5,0
975e5,1
975e5,0
975e5,0
975e5,0
975e5,0
975e5,0
975e5,0
975e5,0
975e5,0
975e5,0
976e5,1
976e5,0
976e5,0
976e5,0
976e5,0
976e5,0
976e5,0
976e5,0
976e5,0
976e5,0
977e5,1
977e5,0
977e5,0
977e5,0
977e5,0
977e5,0
977e5,0
977e5,0
977e5,0
977e5,0
978e5,1
978e5,0
978e5,0
978e5,0
978e5,0
978e5,0
978e5,0
978e5,0
978e5,0
978e5,0
979e5,1
979e5,0
979e5,0
979e5,0
979e5,0
979e5,0
979e5,0
979e5,0
979e5,0
979e5,0
98e6,1
98e6,0
98e6,0
98e6,0
98e6,0
98e6,0
98e6,0
98e6,0
98e6,0
98e6,0
981e5,1
981e5,0
981e5,0
981e5,0
981e5,0
981e5,0
981e5,0
981e5,0
981e5,0
981e5,0
982e5,1
982e5,0
982e5,0
982e5,0
982e5,0
982e5,0
982e5,0
982e5,0
982e5,0
982e5,0
983e5,1
983e5,0
983e5,0
983e5,0
983e5,0
983e5,0
983e5,0
983e5,0
983e5,0
983e5,0
984e5,1
984e5,0
984e5,0
984e5,0
984e5,0
984e5,0
984e5,0
984e5,0
984e5,0
984e5,0
985e5,1
985e5,0
985e5,0
985e5,0
985e5,0
985e5,0
985e5,0
985e5,0
985e5,0
985e5,0
986e5,1
986e5,0
986e5,0
986e5,0
986e5,0
986e5,0
986e5,0
986e5,0
986e5,0
986e5,0
987e5,1
987e5,0
987e5,0
987e5,0
987e5,0
987e5,0
987e5,0
987e5,0
987e5,0
987e5,0
988e5,1
988e5,0
988e5,0
988e5,0
988e5,0
988e5,0
988e5,0
988e5,0
988e5,0
988e5,0
989e5,1
989e5,0
989e5,0
989e5,0
989e5,0
989e5,0
989e5,0
989e5,0
989e5,0
989e5,0
99e6,1
99e6,0
99e6,0
99e6,0
99e6,0
99e6,0
99e6,0
99e6,0
99e6,0
99e6,0
991e5,1
991e5,0
991e5,0
991e5,0
991e5,0
991e5,0
991e5,0
991e5,0
991e5,0
991e5,0
992e5,1
992e5,0
992e5,0
992e5,0
992e5,0
992e5,0
992e5,0
992e5,0
992e5,0
992e5,0
993e5,1
993e5,0
993e5,0
993e5,0
993e5,0
993e5,0
993e5,0
993e5,0
993e5,0
993e5,0
994e5,1
994e5,0
994e5,0
994e5,0
994e5,0
994e5,0
994e5,0
994e5,0
994e5,0
994e5,0
995e5,1
995e5,0
995e5,0
995e5,0
995e5,0
995e5,0
995e5,0
995e5,0
995e5,0
995e5,0
996e5,1
996e5,0
996e5,0
996e5,0
996e5,0
996e5,0
996e5,0
996e5,0
996e5,0
996e5,0
997e5,1
997e5,0
997e5,0
997e5,0
997e5,0
997e5,0
997e5,0
997e5,0
997e5,0
997e5,0
998e5,1
998e5,0
998e5,0
998e5,0
998e5,0
998e5,0
998e5,0
998e5,0
998e5,0
998e5,0
999e5,1
999e5,0
999e5,0
999e5,0
999e5,0
999e5,0
999e5,0
999e5,0
999e5,0
999e5,0
1e8,1
1e8,0
1e8,0
1e8,0
1e8,0
1e8,0
1e8,0
1e8,0
1e8,0
1e8,0
